8.81,15.99,2.401,4.32,11.63,1.86,0.3,0.73,1,10.75,12.97,2.367,5.73,4.6,1.56,0.26,0.88,2,0
7.66,13.66,2.282,4.37,3.14,1.79,0.33,0.91,1,10.82,11.58,2.432,3.69,5.7,1.48,0.25,0.79,2,1
11.37,10.73,2.281,5.73,2.46,1.43,0.3,0.9,2,11.99,9.04,2.077,7.31,4.03,1.41,0.2,1.46,0,1
7.41,13.3,2.279,3.97,4.46,1.8,0.32,1.07,1,10.31,10.2,2.074,5.42,3.23,1.37,0.3,0.98,2,1
7.69,14.28,2.397,3.18,8.07,1.82,0.31,0.83,1,13.07,7.6,2.295,5.02,3.02,1.36,0.26,1.59,0,0
8.6,10.61,1.522,4.14,5.88,1.3,0.32,0.85,2,10.04,7.94,2.108,3.7,2.81,1.39,0.21,1.37,0,1
6.95,13.29,2.214,3.34,2.78,1.75,0.28,0.86,1,10.56,11.04,2.149,6.14,2.74,1.44,0.26,1.08,2,1
7.15,12.71,2.129,3.85,4.1,1.68,0.27,1.06,1,7.26,12.01,2.275,3.24,3.75,1.79,0.26,1.3,1,0
7.9,13.68,2.29,5.12,6.3,1.75,0.31,1.0,1,10.9,7.38,1.858,4.26,3.33,1.19,0.25,1.48,2,0
11.68,10.99,2.476,6.51,2.49,1.43,0.25,1.07,2,13.17,7.17,2.174,4.79,3.69,1.33,0.3,1.44,0,0
7.32,14.21,2.153,4.96,4.54,1.73,0.33,0.74,1,7.94,13.21,2.316,3.55,5.58,1.78,0.29,0.86,1,1
7.98,13.14,2.368,4.3,4.47,1.8,0.29,1.09,1,12.0,11.14,2.57,4.69,2.32,1.43,0.24,0.9,2,0
8.19,12.93,2.359,3.28,7.49,1.74,0.31,0.9,1,10.88,8.7,1.9,5.11,2.0,1.27,0.31,1.09,2,0
9.71,10.73,1.898,4.72,3.4,1.36,0.32,0.9,2,12.35,8.75,2.349,4.96,4.75,1.49,0.33,1.53,0,1
9.67,12.92,2.176,6.71,3.07,1.54,0.36,0.83,2,11.11,7.81,1.933,5.08,2.18,1.3,0.25,1.51,0,0
11.71,8.45,2.115,5.32,3.21,1.37,0.32,1.28,0,12.8,8.51,2.383,5.89,2.43,1.43,0.34,1.39,0,1
11.26,11.69,2.4,4.71,4.81,1.48,0.37,0.81,2,8.69,12.28,2.311,3.93,2.99,1.76,0.32,1.12,1,0
7.28,12.93,2.262,4.4,4.19,1.75,0.31,1.04,1,11.86,9.21,2.112,5.3,3.38,1.36,0.36,1.2,0,1
7.39,13.8,2.259,3.31,4.34,1.75,0.31,0.81,1,7.27,12.72,2.308,3.59,2.85,1.82,0.32,1.15,1,0
9.37,11.29,1.922,5.17,2.49,1.37,0.31,0.87,2,8.28,12.26,2.233,4.01,5.55,1.7,0.39,1.08,1,1
8.58,13.51,2.301,3.82,5.93,1.77,0.22,0.8,1,12.15,8.22,2.375,4.18,4.9,1.38,0.31,1.33,0,1
14.0,9.74,2.358,4.95,7.61,1.5,0.38,1.26,0,10.28,11.87,2.42,4.49,3.77,1.56,0.35,0.82,2,1
11.04,11.43,2.223,4.77,5.41,1.51,0.25,0.95,2,10.32,9.74,2.137,5.39,2.39,1.39,0.3,1.17,2,1
6.8,12.5,2.375,2.88,3.63,1.83,0.27,1.08,1,13.18,7.34,2.132,4.2,5.18,1.35,0.25,1.48,0,1
7.2,11.82,2.242,2.9,5.08,1.75,0.32,1.49,1,8.05,12.04,2.261,3.64,4.18,1.76,0.37,1.26,1,1
7.96,13.28,2.261,4.04,5.98,1.75,0.39,0.96,1,11.06,7.94,2.085,5.09,2.24,1.36,0.31,1.55,0,1
8.43,12.09,1.757,4.59,5.14,1.41,0.32,0.75,2,11.02,8.4,2.332,4.76,2.98,1.4,0.29,1.59,0,0
7.47,14.11,2.263,4.07,6.65,1.8,0.3,1.01,1,12.2,7.39,2.081,5.45,2.35,1.37,0.3,1.66,0,1
7.56,14.16,2.308,3.02,9.01,1.83,0.3,1.03,1,10.26,10.04,2.064,4.46,4.52,1.45,0.35,0.93,0,0
7.39,13.83,2.262,3.77,6.3,1.8,0.27,1.0,1,10.7,9.46,2.045,5.32,7.04,1.44,0.32,1.4,0,1
9.6,9.92,1.78,5.69,2.57,1.35,0.28,1.27,2,13.38,8.14,2.282,6.95,2.42,1.4,0.25,1.34,0,1
10.21,11.91,2.317,5.36,3.67,1.51,0.32,0.78,2,10.07,8.72,1.873,4.1,3.31,1.27,0.28,1.07,2,1
8.27,13.7,2.274,3.57,5.99,1.74,0.28,0.75,1,13.16,9.6,2.395,5.53,5.46,1.5,0.35,1.31,0,0
6.74,14.2,2.034,3.39,5.89,1.7,0.26,0.86,1,11.57,8.65,2.14,4.4,3.23,1.42,0.24,1.08,0,1
7.25,13.43,2.412,4.18,3.01,1.82,0.32,1.07,1,8.74,12.19,2.037,5.48,2.91,1.5,0.25,0.95,2,1
12.83,8.67,2.166,4.29,6.01,1.38,0.28,1.25,0,12.41,8.09,2.298,3.68,5.59,1.46,0.29,1.53,0,1
7.04,13.57,2.328,2.86,5.4,1.84,0.24,0.92,1,9.56,12.86,2.209,4.83,5.79,1.55,0.37,0.85,2,0
7.41,13.62,2.232,3.92,4.41,1.75,0.3,0.88,1,10.79,9.33,1.918,5.73,2.63,1.38,0.33,1.25,0,0
12.46,8.39,2.184,6.05,2.49,1.37,0.36,1.59,0,11.55,8.53,2.243,4.77,4.18,1.36,0.28,1.49,0,0
7.33,14.68,2.453,4.29,6.73,1.87,0.29,0.97,1,7.55,12.19,2.087,3.08,5.06,1.66,0.4,0.96,1,0
7.29,13.33,2.2,4.53,3.26,1.78,0.3,1.2,1,10.06,10.32,2.022,4.09,5.42,1.38,0.31,0.88,2,1
7.8,14.45,2.381,3.97,6.37,1.8,0.31,0.84,1,10.86,8.94,2.177,3.93,3.79,1.37,0.21,1.18,0,0
7.06,14.58,2.262,3.63,4.55,1.78,0.28,0.77,1,6.93,13.64,2.304,3.15,6.87,1.76,0.27,0.77,1,0
9.03,11.08,1.914,6.35,3.91,1.41,0.32,1.08,2,11.42,10.27,2.382,4.53,6.23,1.47,0.33,1.08,2,1
7.28,14.01,2.175,4.23,3.15,1.72,0.27,0.93,1,7.01,13.66,2.264,3.62,4.34,1.81,0.4,0.94,1,1
9.28,12.15,1.937,5.08,7.51,1.42,0.33,1.0,2,12.43,8.86,2.015,6.17,2.46,1.34,0.34,1.16,0,0
7.58,14.23,2.135,3.62,9.21,1.74,0.29,0.91,1,12.23,8.6,2.095,5.72,4.95,1.43,0.21,1.43,0,1
11.98,8.88,2.314,5.13,3.24,1.41,0.31,1.22,0,10.57,10.42,1.938,5.32,5.93,1.33,0.27,1.06,2,1
9.06,11.63,1.754,5.57,2.62,1.35,0.38,0.85,2,11.76,9.96,2.454,4.88,3.2,1.42,0.31,1.08,2,1
7.81,13.53,2.251,4.19,4.96,1.8,0.34,1.14,1,11.69,9.09,2.259,5.31,2.19,1.35,0.26,1.15,2,0
10.48,12.03,2.25,5.69,2.66,1.45,0.3,0.88,2,7.43,13.48,2.158,3.28,5.6,1.75,0.3,0.82,1,0
7.28,13.81,2.32,5.16,3.01,1.78,0.32,0.87,1,12.41,8.21,2.451,3.26,5.1,1.44,0.24,1.36,0,1
7.62,13.53,2.294,4.49,3.14,1.82,0.33,1.01,1,9.98,10.23,1.987,4.45,4.18,1.35,0.28,1.0,2,0
10.74,10.55,2.076,4.4,5.2,1.32,0.26,0.95,2,10.5,9.81,2.354,4.15,3.23,1.45,0.36,1.14,2,0
9.86,10.29,2.093,4.62,3.92,1.36,0.31,1.02,2,11.25,9.11,2.273,4.91,2.56,1.45,0.22,1.47,0,0
7.56,14.97,2.133,4.32,7.16,1.75,0.29,0.77,1,11.21,11.46,2.488,3.87,6.89,1.54,0.28,1.02,2,0
7.55,13.87,2.176,3.26,6.16,1.72,0.31,0.88,1,11.61,9.13,2.457,4.77,2.28,1.45,0.21,1.19,0,1
9.11,11.65,2.034,3.76,4.93,1.47,0.29,0.8,2,14.49,7.44,2.387,6.15,3.64,1.33,0.23,1.38,0,0
11.52,9.09,2.083,5.2,4.18,1.38,0.24,1.04,0,11.74,10.03,2.411,5.38,2.35,1.41,0.25,1.08,2,0
11.09,13.22,2.463,6.31,3.21,1.61,0.27,0.82,2,13.28,8.73,2.105,7.11,2.82,1.38,0.3,1.51,0,0
7.87,13.82,2.284,3.22,8.34,1.77,0.35,0.89,1,10.22,11.9,2.125,4.19,6.55,1.42,0.25,0.88,2,1
8.03,12.84,2.487,3.87,4.12,1.86,0.38,1.08,1,14.31,7.57,2.303,6.47,3.29,1.33,0.25,1.62,0,1
10.9,11.23,2.141,5.42,4.72,1.41,0.3,0.89,2,9.92,9.32,1.874,4.22,4.76,1.28,0.27,1.3,2,0
7.75,14.42,2.24,3.84,9.4,1.75,0.31,0.96,1,10.06,11.95,2.0,5.76,5.03,1.41,0.26,0.76,2,1
7.65,14.15,2.133,3.73,3.02,1.74,0.24,0.65,1,10.8,10.58,2.246,4.44,4.2,1.4,0.35,0.96,2,1
12.5,6.81,2.41,4.38,1.99,1.39,0.3,1.55,0,12.57,8.46,2.22,3.76,5.1,1.37,0.32,1.13,0,1
11.94,10.32,2.129,7.11,4.36,1.44,0.27,1.17,0,13.72,7.52,2.369,4.78,2.21,1.4,0.26,1.38,0,0
11.34,10.33,2.332,3.99,4.22,1.41,0.22,1.08,2,9.01,11.53,1.771,5.67,2.54,1.35,0.27,0.83,2,0
7.17,12.41,2.236,3.39,2.74,1.73,0.33,1.05,1,10.2,11.94,2.271,5.38,5.22,1.49,0.37,0.93,2,0
6.97,12.66,2.316,3.46,4.02,1.8,0.24,1.21,1,8.95,9.37,2.02,4.55,2.22,1.4,0.3,1.24,0,1
12.82,9.85,2.484,6.37,3.47,1.44,0.31,1.06,0,12.31,7.21,2.151,4.23,2.14,1.38,0.28,1.49,0,0
7.33,13.97,2.144,4.07,6.16,1.72,0.27,0.85,1,12.8,9.04,2.39,4.1,5.67,1.45,0.32,1.05,0,1
6.44,14.94,2.297,2.99,3.76,1.79,0.28,0.51,1,10.24,9.71,2.004,3.86,3.44,1.33,0.29,0.82,2,1
6.93,13.31,2.123,4.19,4.65,1.8,0.38,1.26,1,10.03,11.96,2.089,5.16,2.5,1.42,0.23,0.69,2,0
8.29,14.19,2.293,4.27,9.01,1.81,0.27,0.87,1,10.66,10.28,2.155,5.02,2.22,1.35,0.37,0.93,2,0
7.1,12.84,2.144,3.97,3.02,1.74,0.41,1.19,1,11.77,9.33,2.316,5.04,2.86,1.32,0.28,1.21,2,1
10.31,11.84,2.089,4.08,6.9,1.44,0.26,0.94,2,12.3,9.82,2.259,6.17,5.18,1.44,0.29,1.27,0,1
13.05,9.61,2.61,4.64,4.04,1.39,0.29,1.29,2,11.51,8.25,1.991,5.74,3.1,1.23,0.22,1.31,2,0
8.85,12.26,1.849,4.26,7.25,1.44,0.36,0.78,2,12.7,7.86,2.403,4.16,5.44,1.44,0.3,1.66,0,1
9.74,10.43,1.921,5.69,2.41,1.35,0.37,0.98,2,10.98,8.52,1.986,3.14,5.2,1.36,0.33,1.07,0,1
8.81,12.41,1.91,3.86,6.74,1.44,0.32,0.7,2,10.88,10.3,1.936,6.04,3.38,1.32,0.27,1.02,2,0
7.59,14.27,2.284,4.54,3.28,1.8,0.31,0.83,1,9.99,11.79,2.261,5.23,4.01,1.52,0.36,0.96,2,1
10.04,11.93,1.94,5.22,6.75,1.4,0.35,0.82,2,8.11,12.72,2.365,4.36,3.11,1.79,0.31,1.26,1,0
6.97,12.36,2.071,3.28,3.91,1.68,0.4,1.04,1,9.79,8.28,2.042,3.69,3.67,1.37,0.26,1.4,0,1
12.76,7.49,2.176,5.77,3.18,1.35,0.26,1.69,0,7.5,11.98,2.304,3.07,3.85,1.79,0.33,1.39,1,0
6.69,13.62,2.197,2.79,5.1,1.77,0.35,0.8,1,13.17,8.89,2.09,4.96,7.07,1.38,0.32,1.38,0,1
11.28,11.13,2.297,6.61,2.68,1.42,0.31,1.09,2,10.03,10.26,1.933,5.01,2.22,1.33,0.31,0.91,2,0
11.07,9.47,2.078,5.45,2.67,1.27,0.23,1.1,2,11.38,9.32,2.026,4.17,4.39,1.38,0.29,1.02,0,0
8.91,10.3,1.701,4.26,4.58,1.33,0.28,1.05,2,13.24,7.31,2.126,5.5,3.97,1.32,0.25,1.55,0,1
9.66,12.32,2.094,5.51,2.72,1.45,0.28,0.75,2,9.19,12.55,1.956,5.16,3.01,1.52,0.28,0.69,2,1
8.42,14.99,2.398,3.27,8.46,1.79,0.31,0.63,1,10.67,9.6,1.97,5.07,3.88,1.29,0.24,1.34,2,0
10.3,9.13,2.1,4.17,3.73,1.35,0.22,1.22,0,10.1,9.24,1.832,6.13,2.83,1.27,0.22,1.14,2,1
8.0,14.73,2.284,3.66,7.37,1.88,0.25,0.98,1,13.67,8.76,2.384,3.86,5.26,1.42,0.3,0.94,0,1
9.79,12.66,2.058,4.92,6.91,1.48,0.32,0.66,2,11.52,7.82,2.021,3.59,5.07,1.37,0.33,1.2,0,0
6.35,13.93,2.172,2.38,7.33,1.74,0.25,0.88,1,11.75,7.74,2.11,4.28,3.09,1.38,0.26,1.38,0,0
11.64,8.46,2.324,4.29,3.94,1.39,0.27,1.39,0,9.7,8.45,1.732,4.15,2.75,1.27,0.25,1.13,2,1
7.34,13.55,2.322,2.87,5.65,1.8,0.41,0.97,1,8.59,13.06,2.366,3.23,8.24,1.76,0.29,0.97,1,1
12.56,9.22,2.125,6.76,2.81,1.41,0.32,1.25,0,11.01,10.55,2.076,5.37,2.19,1.33,0.36,0.86,2,0
6.26,14.0,2.193,3.63,4.48,1.79,0.32,1.07,1,8.31,13.98,2.282,3.74,6.25,1.77,0.35,0.76,1,1
9.47,12.56,2.0,6.5,3.01,1.45,0.26,0.88,2,6.39,12.08,2.128,2.99,2.75,1.76,0.33,1.64,1,0
7.61,15.55,2.275,4.84,5.64,1.82,0.32,0.81,1,11.44,8.2,1.965,5.63,2.14,1.3,0.28,1.21,0,0
12.01,8.23,2.488,5.03,2.88,1.4,0.25,1.44,0,10.78,8.6,2.221,3.99,5.15,1.4,0.34,1.38,0,0
6.86,13.0,2.157,3.25,4.31,1.77,0.23,1.26,1,10.04,10.1,1.922,4.58,5.12,1.3,0.34,1.08,2,0
7.69,13.8,2.156,3.85,8.59,1.7,0.4,0.92,1,11.26,8.22,1.874,6.19,1.75,1.18,0.29,1.45,2,0
7.88,12.34,1.64,4.94,5.29,1.38,0.34,0.83,2,11.19,9.18,2.383,3.68,3.89,1.44,0.38,1.04,0,0
10.22,10.09,1.954,4.46,3.86,1.33,0.25,0.94,2,13.05,9.16,2.483,3.88,4.35,1.33,0.3,1.1,2,0
10.42,10.28,2.281,4.47,3.99,1.41,0.32,1.01,2,13.17,8.47,2.234,5.68,3.57,1.39,0.29,1.34,0,1
7.58,13.69,2.41,3.78,4.19,1.76,0.27,0.78,1,11.35,7.89,2.213,5.01,1.69,1.23,0.26,1.29,2,0
7.3,13.92,2.265,3.45,8.24,1.79,0.34,0.96,1,10.62,10.15,2.12,4.29,3.19,1.38,0.3,0.88,2,0
9.37,10.99,1.949,5.81,2.52,1.37,0.24,1.06,2,12.72,7.6,2.112,4.94,2.91,1.33,0.31,1.2,0,0
7.84,14.97,2.208,3.55,9.28,1.76,0.38,0.74,1,13.96,8.9,2.422,6.21,3.84,1.45,0.35,1.4,0,1
7.25,13.48,2.229,3.49,4.08,1.74,0.28,0.79,1,10.15,8.43,1.766,5.33,2.13,1.26,0.3,1.35,2,0
12.2,10.73,2.554,4.25,4.36,1.47,0.37,0.97,2,11.61,9.22,2.175,5.78,2.52,1.38,0.33,1.32,0,0
7.86,12.97,2.235,3.96,3.16,1.78,0.29,1.15,1,7.08,12.14,2.19,4.19,4.09,1.71,0.4,1.3,1,0
9.85,13.46,2.107,4.84,5.8,1.52,0.42,0.72,2,10.13,7.13,2.153,3.68,1.9,1.35,0.27,1.57,0,0
7.95,13.85,2.337,3.33,8.72,1.83,0.35,0.96,1,11.48,8.89,2.05,5.52,3.37,1.35,0.35,1.36,0,1
7.48,14.06,2.331,2.93,5.27,1.81,0.27,0.63,1,9.9,11.5,1.91,5.63,2.76,1.4,0.28,0.93,2,0
10.61,10.45,2.013,5.66,3.27,1.36,0.26,0.89,2,10.04,8.12,2.096,3.05,4.43,1.36,0.29,1.23,0,0
8.03,13.85,2.195,3.66,6.47,1.72,0.33,0.91,1,10.69,10.15,2.055,5.17,2.33,1.34,0.26,1.08,2,1
12.94,8.52,2.263,6.51,2.39,1.35,0.24,1.41,0,10.96,8.19,2.089,5.6,2.36,1.26,0.26,1.07,2,0
11.79,11.78,2.657,6.71,2.76,1.56,0.39,0.97,2,8.24,10.87,1.489,4.76,6.18,1.29,0.26,0.89,2,1
11.65,8.73,2.174,5.69,4.87,1.41,0.35,1.54,0,12.21,8.21,2.049,5.36,4.26,1.35,0.25,1.42,0,0
7.63,14.46,2.219,4.12,7.16,1.79,0.41,0.91,1,10.81,9.77,2.458,3.44,5.33,1.48,0.34,1.15,0,0
13.2,9.62,2.357,4.88,4.78,1.44,0.33,1.04,0,11.69,8.33,2.159,3.95,5.74,1.38,0.27,1.61,0,0
9.35,10.63,1.72,4.7,4.43,1.31,0.26,0.95,2,12.39,8.41,2.404,4.98,2.05,1.36,0.29,1.16,2,0
11.56,10.78,2.371,5.63,3.57,1.44,0.3,1.06,2,11.42,10.97,2.326,4.12,5.77,1.43,0.3,0.85,2,0
6.63,14.85,2.377,3.37,4.62,1.87,0.37,0.86,1,13.39,9.19,2.274,4.96,5.18,1.44,0.26,1.37,0,0
7.26,15.52,2.247,5.01,3.71,1.8,0.4,0.81,1,11.18,9.26,2.149,4.25,6.0,1.4,0.3,1.37,0,0
7.01,13.61,2.114,2.71,7.13,1.72,0.4,0.73,1,11.68,9.22,2.224,4.82,4.29,1.38,0.32,1.24,0,0
7.19,13.2,2.22,2.72,7.86,1.82,0.27,1.14,1,11.58,8.99,2.192,4.47,5.54,1.4,0.21,1.15,0,1
13.83,8.83,2.222,6.75,3.87,1.37,0.26,1.37,0,10.42,9.72,2.258,4.53,3.45,1.48,0.33,1.21,0,0
13.03,8.48,2.135,5.23,5.77,1.35,0.28,1.21,0,11.58,8.54,2.32,5.75,1.94,1.3,0.34,1.24,2,0
7.35,12.85,2.083,2.6,7.64,1.7,0.31,1.11,1,12.75,8.85,2.274,4.66,3.94,1.26,0.24,1.13,2,0
11.67,8.17,2.067,4.65,3.12,1.39,0.32,1.16,0,9.65,11.97,2.131,5.58,4.31,1.51,0.37,1.0,2,1
13.35,8.23,2.369,5.09,3.32,1.42,0.27,1.46,0,9.42,8.64,1.972,3.4,4.88,1.38,0.27,1.31,0,0
13.63,8.75,2.276,6.29,2.5,1.44,0.26,1.11,0,10.83,10.35,2.196,5.22,2.37,1.4,0.24,0.89,2,0
10.46,9.64,1.852,5.9,3.22,1.29,0.36,1.25,2,12.51,8.68,2.333,5.17,4.35,1.39,0.25,1.32,0,0
7.22,13.14,2.167,3.61,4.51,1.79,0.25,1.27,1,13.56,8.42,2.359,4.76,6.17,1.41,0.29,1.61,0,0
7.4,14.69,2.14,4.64,6.99,1.75,0.36,0.96,1,7.97,13.56,2.407,3.93,5.93,1.76,0.43,0.95,1,0
9.61,12.05,2.139,5.19,4.18,1.49,0.24,0.91,2,14.27,8.92,2.22,4.89,5.08,1.4,0.24,1.12,0,1
6.97,13.72,2.16,3.95,3.31,1.8,0.28,1.27,1,11.74,8.01,2.01,5.39,3.02,1.22,0.24,1.46,2,1
12.62,8.57,2.123,3.72,6.29,1.4,0.22,1.28,0,12.96,8.46,2.286,6.0,2.41,1.37,0.23,1.31,0,0
9.22,11.04,1.66,4.72,4.58,1.3,0.26,0.97,2,10.55,8.57,2.008,5.02,2.22,1.34,0.22,1.31,0,0
8.87,12.03,1.975,5.04,4.09,1.44,0.24,0.84,2,7.48,12.69,2.206,4.9,3.13,1.7,0.21,1.29,1,0
7.81,13.84,2.204,3.24,5.75,1.76,0.32,0.73,1,8.67,14.21,2.253,3.98,8.48,1.68,0.27,0.67,2,0
11.41,8.84,2.314,5.01,3.27,1.44,0.29,1.27,0,11.59,9.45,2.159,4.5,4.75,1.33,0.23,0.93,2,1
6.91,13.98,2.348,2.74,5.58,1.81,0.32,0.86,1,7.62,13.98,2.182,3.12,8.59,1.77,0.32,0.86,1,1
7.41,13.59,2.31,4.14,3.11,1.8,0.26,1.02,1,11.48,10.73,2.265,6.02,2.29,1.38,0.27,0.9,2,0
9.05,10.68,1.866,4.68,3.76,1.41,0.29,1.05,2,9.63,10.38,1.846,4.79,2.36,1.34,0.27,0.9,2,0
12.02,9.24,2.231,4.38,4.82,1.31,0.31,1.2,2,11.38,9.26,2.245,5.68,2.46,1.42,0.29,1.36,0,0
7.44,13.76,2.184,3.29,8.14,1.75,0.3,0.9,1,7.71,14.08,2.374,3.9,4.73,1.82,0.3,0.93,1,1
10.36,10.3,2.086,4.45,5.24,1.36,0.27,0.87,2,10.75,8.33,2.085,3.85,3.92,1.39,0.29,1.35,0,1
7.3,14.21,2.245,4.45,6.7,1.78,0.23,1.08,1,12.86,10.02,2.546,7.07,3.18,1.37,0.34,1.33,2,0
7.99,13.46,2.394,3.17,7.89,1.77,0.31,0.96,1,11.1,9.8,2.18,3.79,5.08,1.33,0.3,1.16,2,1
10.6,9.21,2.266,4.35,3.16,1.42,0.26,1.31,0,10.14,11.36,2.085,5.25,3.28,1.38,0.26,0.81,2,0
8.46,12.24,2.114,2.98,7.86,1.71,0.27,1.14,1,11.53,10.6,2.409,5.11,2.26,1.41,0.28,0.97,2,0
8.21,13.91,2.173,4.23,4.94,1.71,0.23,0.83,1,9.81,10.72,2.016,5.01,3.26,1.38,0.35,0.95,2,1
10.94,10.09,2.097,5.47,2.33,1.34,0.28,1.04,2,12.14,8.08,2.068,6.13,2.39,1.35,0.31,1.51,0,1
13.1,8.94,2.373,4.7,4.15,1.4,0.27,1.11,0,12.41,8.65,2.338,4.45,3.04,1.28,0.3,1.08,2,0
11.51,10.75,2.3,5.77,2.35,1.37,0.32,1.03,2,12.08,9.81,2.614,3.84,4.35,1.36,0.31,1.14,2,0
10.2,10.4,1.94,3.92,5.45,1.31,0.23,1.03,2,12.86,8.84,2.155,6.11,3.69,1.38,0.29,1.43,0,0
10.97,7.96,2.062,3.32,5.18,1.4,0.28,1.38,0,11.46,8.66,2.191,5.1,3.7,1.3,0.3,1.69,2,1
9.28,11.3,2.023,4.8,2.81,1.49,0.33,1.03,2,11.16,7.5,1.96,4.4,2.07,1.31,0.28,1.32,0,0
8.28,13.71,2.231,3.51,5.56,1.72,0.33,0.65,1,9.29,11.8,2.035,6.17,2.81,1.46,0.38,0.93,2,0
7.89,12.95,2.318,3.98,4.56,1.76,0.38,1.19,1,11.13,10.76,2.314,5.08,2.41,1.41,0.27,1.05,2,1
12.53,9.92,2.299,5.48,3.5,1.42,0.32,1.02,0,9.81,9.57,1.93,4.13,4.86,1.31,0.26,1.01,2,0
8.04,12.98,2.295,3.8,5.59,1.69,0.26,0.93,1,7.44,13.18,2.086,3.49,4.31,1.71,0.34,0.88,1,0
7.8,13.04,2.375,3.93,3.05,1.81,0.35,1.1,1,10.38,11.11,2.163,6.1,2.69,1.42,0.26,1.09,2,0
7.66,13.29,2.143,2.95,7.6,1.74,0.35,0.86,1,11.55,8.61,2.287,4.62,3.15,1.44,0.24,1.24,0,1
14.08,7.78,2.105,4.37,6.02,1.36,0.25,1.35,0,14.18,8.08,2.3,4.85,5.73,1.38,0.23,1.31,0,0
7.8,12.54,2.201,3.1,7.52,1.71,0.27,1.06,1,6.83,14.31,2.261,3.91,3.19,1.81,0.28,0.92,1,0
8.49,12.68,2.217,4.17,3.06,1.74,0.28,1.0,1,13.24,9.17,2.147,4.4,6.66,1.4,0.29,1.21,0,1
12.87,8.46,2.191,5.13,3.7,1.41,0.35,1.41,0,12.48,6.97,2.335,4.82,1.79,1.26,0.29,1.6,2,0
8.62,13.3,2.288,4.76,4.54,1.73,0.33,0.89,1,10.93,8.42,2.011,4.39,3.19,1.35,0.32,1.32,0,0
7.95,13.53,2.404,3.53,2.99,1.85,0.26,0.83,1,11.95,9.92,2.307,4.86,4.82,1.46,0.27,1.18,0,1
7.46,14.07,2.269,3.46,6.55,1.85,0.4,1.06,1,9.75,11.19,2.035,3.66,4.45,1.43,0.37,0.78,2,0
7.08,14.35,2.171,4.11,3.31,1.78,0.34,0.88,1,9.12,10.32,1.876,5.84,3.28,1.35,0.24,1.09,2,0
9.96,10.28,1.964,4.36,4.21,1.34,0.29,0.97,2,11.29,9.01,2.091,4.6,4.52,1.4,0.24,1.24,0,0
11.22,11.58,2.38,5.11,2.42,1.41,0.28,0.86,2,11.48,8.97,2.099,6.77,2.43,1.35,0.24,1.27,0,1
9.93,10.21,1.91,5.29,3.41,1.35,0.26,1.04,2,11.23,10.34,2.289,4.13,5.86,1.41,0.25,1.08,2,0
9.79,12.43,2.18,6.34,4.07,1.49,0.36,0.8,2,12.42,7.1,2.322,4.45,1.95,1.34,0.27,1.38,0,0
7.51,13.24,2.19,3.07,7.58,1.66,0.32,1.02,1,7.59,13.14,2.172,4.38,3.35,1.75,0.3,1.29,1,1
11.09,9.76,2.2,6.26,2.85,1.48,0.3,1.53,0,10.28,11.45,2.073,4.85,3.87,1.43,0.23,0.93,2,1
8.14,14.14,2.139,4.29,7.32,1.74,0.27,0.97,1,7.64,12.34,2.417,3.47,2.88,1.82,0.26,1.37,1,0
7.13,14.12,2.199,3.7,3.03,1.72,0.24,0.81,1,12.82,8.29,1.928,6.29,3.83,1.34,0.26,1.49,0,0
7.37,13.99,2.198,3.45,4.46,1.73,0.28,0.8,1,10.43,8.28,1.938,5.33,1.83,1.23,0.31,1.28,2,0
8.08,14.23,2.35,2.94,8.5,1.84,0.32,0.77,1,13.87,8.37,2.264,5.55,4.82,1.4,0.32,1.44,0,1
7.1,13.14,2.22,3.17,7.79,1.76,0.31,1.03,1,12.13,8.0,2.191,5.18,3.3,1.39,0.31,1.64,0,0
7.33,15.17,2.23,3.84,3.29,1.79,0.37,0.68,1,7.56,12.25,2.364,3.72,2.72,1.81,0.25,1.2,1,0
12.87,10.07,2.048,6.0,5.25,1.38,0.31,1.11,0,11.14,9.08,2.008,4.62,3.1,1.25,0.34,1.06,2,0
13.03,8.29,2.193,4.32,5.56,1.37,0.32,1.17,0,11.14,8.75,2.211,3.73,4.47,1.3,0.27,1.33,2,0
7.88,12.75,2.139,4.17,3.05,1.72,0.23,1.01,1,11.25,8.12,2.149,3.59,4.84,1.38,0.25,1.29,0,1
7.43,13.95,2.242,3.59,8.48,1.76,0.4,0.93,1,7.25,13.79,2.375,3.57,5.31,1.84,0.33,0.78,1,0
10.01,11.17,2.164,4.15,6.15,1.43,0.36,0.9,2,11.29,8.87,2.341,3.15,5.3,1.44,0.35,1.22,0,0
10.32,11.42,2.076,4.17,4.43,1.44,0.25,0.66,2,12.8,8.49,2.275,4.85,4.28,1.37,0.24,1.34,0,0
8.05,14.06,2.341,3.81,6.35,1.8,0.26,0.83,1,7.11,13.15,2.379,2.64,6.78,1.78,0.26,0.88,1,1
7.75,13.7,2.308,3.51,6.13,1.79,0.32,1.0,1,8.44,11.98,2.295,4.05,2.93,1.73,0.28,1.26,1,0
10.99,11.07,2.414,5.23,3.61,1.48,0.3,1.03,2,12.93,8.19,2.077,4.1,6.14,1.37,0.32,1.42,0,1
7.55,12.36,2.212,2.59,7.63,1.75,0.35,1.28,1,8.91,11.64,1.893,3.93,7.42,1.43,0.25,1.06,2,0
7.61,14.95,2.274,3.94,6.5,1.83,0.34,0.78,1,8.89,12.36,2.434,4.22,5.58,1.79,0.39,1.08,1,1
6.11,13.64,2.223,3.13,5.55,1.81,0.3,1.12,1,12.36,8.83,2.382,4.12,5.68,1.45,0.32,1.28,0,1
7.33,13.81,2.134,4.34,3.21,1.73,0.33,0.89,1,10.99,11.79,2.286,5.92,4.26,1.52,0.25,0.91,2,1
7.34,14.17,2.345,4.02,4.89,1.83,0.22,0.98,1,11.84,8.91,2.084,6.62,2.63,1.4,0.31,1.3,0,1
12.41,11.12,2.464,6.02,3.5,1.41,0.32,1.06,2,11.34,8.64,2.175,4.67,2.16,1.37,0.31,1.1,0,0
13.17,8.78,2.22,4.14,6.32,1.41,0.26,1.32,0,11.2,8.26,2.213,4.36,5.25,1.37,0.3,1.38,0,0
7.0,15.06,2.099,4.25,6.54,1.75,0.37,0.73,1,10.79,11.67,2.317,5.21,5.17,1.55,0.31,0.88,2,0
11.77,8.62,2.228,4.48,4.27,1.42,0.28,1.37,0,10.85,8.41,2.17,4.95,2.34,1.41,0.25,1.49,0,1
7.91,12.39,2.236,4.0,2.78,1.72,0.25,0.98,1,11.05,8.85,1.989,5.71,2.69,1.27,0.35,1.08,2,1
7.42,12.72,2.232,4.12,6.05,1.76,0.33,1.29,1,12.55,9.3,2.097,4.56,7.04,1.45,0.3,1.17,0,1
9.84,12.03,2.068,5.37,3.72,1.41,0.22,0.9,2,10.75,9.01,2.043,4.79,3.22,1.25,0.23,1.25,2,1
7.63,13.1,2.21,3.56,3.11,1.78,0.26,1.06,1,11.42,9.27,2.176,5.91,3.04,1.33,0.32,1.18,2,1
8.21,13.62,2.493,3.66,6.07,1.8,0.21,1.0,1,10.57,11.14,2.165,5.1,3.61,1.43,0.35,0.94,2,1
8.0,13.62,2.327,3.28,5.76,1.78,0.4,0.84,1,12.25,9.24,2.547,5.26,2.21,1.38,0.28,1.28,2,0
11.01,9.72,2.192,4.3,5.01,1.34,0.35,1.04,2,10.46,9.8,2.052,5.0,4.41,1.38,0.33,1.22,2,1
7.49,16.55,2.277,5.03,6.12,1.86,0.38,0.66,1,10.96,8.28,2.009,5.21,1.91,1.27,0.25,1.16,2,0
10.61,9.84,2.047,5.78,3.16,1.34,0.23,1.07,2,11.66,8.75,2.239,3.51,4.88,1.34,0.29,1.22,2,0
7.36,13.36,2.133,3.49,8.01,1.74,0.38,0.96,1,12.73,8.8,2.283,6.15,3.53,1.42,0.34,1.33,0,1
7.78,13.23,2.297,3.49,8.18,1.76,0.27,1.05,1,11.15,8.26,2.008,4.49,2.83,1.22,0.25,1.34,2,1
7.04,14.47,2.195,3.6,6.17,1.74,0.24,0.83,1,9.37,12.37,2.132,4.97,4.17,1.52,0.33,0.83,2,1
10.44,8.25,2.165,3.77,5.12,1.38,0.33,1.69,0,10.51,9.11,1.877,4.64,2.77,1.26,0.32,1.14,2,0
9.91,10.46,1.892,5.09,5.2,1.3,0.26,0.98,2,11.94,8.46,2.047,4.97,2.5,1.38,0.28,1.35,0,0
11.39,9.97,2.416,4.25,5.3,1.4,0.3,1.14,2,10.34,10.53,2.056,5.21,3.4,1.37,0.34,0.98,2,1
10.58,12.33,2.292,4.33,7.27,1.5,0.36,0.85,2,12.89,8.44,2.328,6.79,2.47,1.4,0.3,1.39,0,1
10.53,9.9,2.173,4.47,2.88,1.37,0.26,0.83,2,11.21,8.58,2.125,3.11,5.08,1.38,0.32,1.17,0,1
9.4,10.29,1.796,4.91,5.44,1.31,0.26,1.05,2,8.88,9.43,1.666,4.7,2.27,1.31,0.27,1.05,2,0
7.3,14.39,2.179,5.26,3.41,1.78,0.3,0.95,1,13.39,8.75,2.302,6.59,2.59,1.4,0.23,1.34,0,1
10.09,9.75,1.971,4.87,2.23,1.35,0.31,1.0,2,14.31,8.07,2.219,5.4,5.93,1.36,0.31,1.32,0,1
7.6,14.25,2.311,3.83,6.41,1.78,0.29,0.82,1,11.0,9.91,2.092,4.79,2.82,1.3,0.24,1.04,2,0
10.65,9.96,1.966,6.77,2.3,1.29,0.31,1.24,2,12.85,6.62,2.279,3.49,4.29,1.34,0.3,1.51,0,0
11.01,8.9,2.097,3.78,4.76,1.32,0.25,1.2,2,10.91,7.53,1.891,6.69,2.18,1.19,0.27,1.47,2,0
9.7,10.86,1.846,4.72,2.33,1.35,0.3,0.78,2,10.87,10.63,2.209,4.2,5.27,1.36,0.23,1.03,2,0
7.7,13.8,2.383,2.93,7.92,1.84,0.3,0.9,1,11.51,10.19,2.211,4.81,3.89,1.34,0.27,1.02,2,0
7.31,14.35,2.171,4.89,5.28,1.77,0.33,0.96,1,11.66,9.73,2.373,4.55,3.64,1.35,0.23,1.15,2,0
7.46,13.94,2.209,3.83,5.06,1.82,0.23,1.17,1,10.65,10.34,2.243,5.29,3.3,1.41,0.29,1.05,2,0
6.98,15.03,2.251,2.85,8.24,1.81,0.3,0.65,1,9.55,7.23,2.056,3.02,3.22,1.35,0.21,1.57,0,0
7.65,13.57,2.241,4.27,2.95,1.72,0.3,0.75,1,12.39,9.13,2.223,5.64,3.73,1.42,0.3,1.33,0,1
13.63,7.42,2.135,4.26,3.51,1.3,0.35,1.14,0,11.57,7.59,2.394,4.29,2.69,1.37,0.26,1.5,0,0
12.91,8.83,2.393,5.61,2.58,1.3,0.31,1.13,2,11.92,8.24,2.277,5.4,3.1,1.36,0.32,1.43,0,1
7.42,14.17,2.426,3.53,5.82,1.84,0.34,0.88,1,10.21,7.55,2.139,4.5,1.9,1.33,0.32,1.35,0,0
7.27,13.75,2.302,3.4,5.77,1.81,0.4,0.91,1,11.91,9.46,2.363,4.29,4.28,1.44,0.26,1.12,0,1
11.26,8.68,2.181,6.0,2.45,1.42,0.25,1.31,0,14.01,9.75,2.192,5.89,6.06,1.45,0.27,1.32,0,1
10.52,10.17,2.099,5.27,3.14,1.36,0.35,0.99,2,13.21,7.78,2.247,5.5,3.12,1.38,0.3,1.29,0,1
7.96,15.35,2.264,4.96,3.51,1.79,0.38,0.65,1,12.35,8.83,2.082,4.66,4.67,1.41,0.27,1.19,0,0
9.8,8.9,1.539,5.98,1.93,1.19,0.25,1.24,2,10.83,9.34,2.288,3.88,5.06,1.4,0.28,1.22,0,1
12.36,9.53,2.531,4.24,5.22,1.4,0.32,1.23,2,12.73,8.46,2.311,4.26,5.59,1.4,0.31,1.27,0,0
10.08,8.68,1.895,4.21,4.66,1.26,0.23,1.44,2,12.79,8.14,2.173,5.1,3.2,1.36,0.25,1.27,0,0
7.09,13.42,2.236,2.66,7.62,1.83,0.3,1.09,1,7.42,13.7,2.275,3.79,4.63,1.79,0.31,0.95,1,0
7.45,13.15,2.195,3.13,8.06,1.71,0.29,1.07,1,11.65,8.06,2.007,5.12,2.33,1.38,0.28,1.34,0,1
7.68,13.1,2.15,3.09,7.78,1.71,0.32,0.94,1,11.77,8.62,2.048,5.44,3.39,1.36,0.25,1.29,0,1
8.26,13.92,2.255,3.56,8.95,1.75,0.23,0.88,1,8.05,11.27,2.23,2.7,6.87,1.72,0.28,1.53,1,1
7.09,12.65,2.49,2.92,7.12,1.85,0.23,1.33,1,13.05,9.53,2.19,5.01,7.67,1.44,0.25,1.4,0,1
11.88,10.79,2.53,4.04,5.87,1.47,0.32,0.97,2,10.48,7.87,1.957,4.22,3.09,1.27,0.29,1.22,2,0
7.12,13.35,2.122,3.53,2.87,1.72,0.23,0.84,1,7.5,12.4,2.288,3.49,3.87,1.73,0.33,1.08,1,0
7.42,13.39,2.282,3.45,4.27,1.75,0.29,0.93,1,9.55,11.37,1.922,5.22,2.63,1.4,0.29,0.85,2,1
6.9,14.54,2.026,3.7,6.36,1.74,0.39,0.79,1,9.24,10.58,1.777,4.88,2.34,1.32,0.27,0.91,2,0
7.92,13.57,2.388,4.28,3.15,1.81,0.4,0.96,1,9.61,8.69,1.725,5.01,2.74,1.25,0.22,1.23,2,0
8.33,14.67,2.29,4.2,7.22,1.82,0.47,0.85,1,12.47,9.1,2.323,4.8,4.36,1.41,0.27,1.24,0,1
10.25,9.35,1.91,5.4,4.01,1.31,0.22,1.19,2,11.53,8.92,2.115,4.53,3.18,1.26,0.21,1.15,2,0
10.82,10.08,2.051,5.13,5.53,1.32,0.27,1.17,2,14.24,7.78,2.166,4.28,6.19,1.41,0.36,1.49,0,1
8.0,12.79,2.242,3.3,5.99,1.77,0.36,1.14,1,10.07,10.75,2.137,5.31,3.6,1.37,0.25,1.27,2,0
10.67,9.3,1.938,6.04,2.85,1.27,0.26,1.17,2,9.55,10.9,2.045,4.65,3.81,1.42,0.29,1.1,2,0
10.8,10.95,2.444,4.26,3.84,1.44,0.25,0.82,2,11.6,10.82,2.36,4.16,5.57,1.41,0.28,0.83,2,0
14.34,8.14,2.295,8.11,2.6,1.37,0.28,1.56,0,14.03,9.72,2.167,6.69,6.08,1.44,0.31,1.26,0,1
10.75,11.31,2.183,6.38,2.58,1.4,0.33,1.02,2,12.56,8.51,2.343,4.37,3.61,1.37,0.23,1.08,0,1
11.06,10.42,2.34,4.21,4.58,1.34,0.29,1.01,2,10.43,11.35,2.228,5.26,3.55,1.42,0.35,0.95,2,0
8.27,14.76,2.404,3.91,9.88,1.86,0.33,0.9,1,7.48,14.61,2.149,4.97,3.5,1.77,0.4,0.9,1,0
8.4,12.71,2.183,3.42,8.35,1.69,0.36,1.11,1,12.59,8.39,2.225,5.05,4.88,1.45,0.27,1.66,0,0
10.59,8.82,2.172,3.46,5.23,1.41,0.26,1.2,0,10.44,8.86,2.268,3.46,5.09,1.42,0.27,1.37,0,0
11.29,8.5,2.078,5.3,3.28,1.39,0.3,1.27,0,10.34,8.42,2.242,4.19,2.83,1.41,0.33,1.23,0,0
8.01,12.51,2.114,4.05,2.83,1.68,0.35,0.87,1,10.33,9.0,2.05,4.3,6.02,1.4,0.26,1.38,0
8.02,13.09,2.137,3.62,5.88,1.67,0.33,0.84,1,10.97,10.17,2.256,5.25,2.39,1.39,0.27,1.19,2,1
9.3,11.29,1.83,4.76,6.85,1.37,0.23,0.97,2,10.09,8.53,2.21,4.62,2.97,1.41,0.35,1.46,0,0
6.74,15.05,2.266,3.74,6.55,1.84,0.34,0.88,1,10.02,10.4,2.061,4.66,4.39,1.41,0.32,0.94,2,0
7.95,14.58,2.342,3.78,9.37,1.84,0.34,0.93,1,10.81,11.29,2.289,5.35,5.01,1.49,0.27,0.93,2,0
9.54,10.98,1.994,5.0,3.58,1.44,0.24,0.94,2,10.27,10.89,1.992,4.99,4.19,1.33,0.26,1.02,2,0
7.8,14.01,2.319,4.43,6.56,1.79,0.34,1.01,1,12.79,7.18,2.021,5.55,2.26,1.33,0.27,1.6,0,0
11.72,9.86,2.275,5.62,2.19,1.34,0.3,1.08,2,11.16,7.9,2.31,4.76,2.16,1.41,0.29,1.54,0,1
6.81,13.67,2.311,2.88,8.06,1.88,0.39,1.12,1,9.16,11.77,1.951,5.24,2.81,1.47,0.22,0.86,2,1
12.42,9.21,2.499,4.44,2.93,1.36,0.33,1.26,2,13.13,8.85,2.228,4.44,5.8,1.39,0.23,0.99,0,0
7.86,16.1,2.206,3.74,9.47,1.81,0.44,0.51,1,12.49,8.2,2.177,5.12,4.24,1.37,0.26,1.49,0,1
8.0,14.07,2.312,4.3,4.89,1.76,0.32,0.9,1,12.0,10.08,2.412,4.2,3.48,1.36,0.23,0.86,2,1
6.86,13.97,2.078,4.14,4.76,1.74,0.29,0.96,1,12.77,8.12,2.237,5.23,3.53,1.39,0.22,1.57,0,1
7.39,14.16,2.325,3.96,6.28,1.79,0.35,0.91,1,7.41,12.94,2.37,2.46,7.18,1.79,0.25,1.03,1,0
10.23,11.32,2.215,4.88,2.83,1.52,0.35,1.01,2,10.67,8.98,1.934,5.16,2.59,1.24,0.32,1.25,2,1
10.01,7.51,2.193,2.45,3.89,1.36,0.23,1.31,0,11.98,8.87,2.274,4.02,4.26,1.43,0.27,1.14,0
8.87,10.35,1.775,5.26,3.85,1.38,0.31,1.24,2,9.89,8.26,2.252,3.24,4.18,1.38,0.26,1.41,0,0
11.76,8.33,2.231,4.1,3.54,1.36,0.26,1.16,0,10.55,8.09,2.181,4.64,2.76,1.34,0.25,1.33,0,0
7.84,13.46,2.272,3.06,8.16,1.77,0.31,0.96,1,10.58,8.96,1.985,4.71,2.18,1.35,0.32,1.04,0,0
9.12,13.8,2.525,4.13,6.37,1.84,0.24,0.87,1,10.31,8.91,1.867,5.09,2.86,1.26,0.36,1.32,2,1
6.97,13.45,2.199,3.54,5.81,1.76,0.25,1.07,1,10.52,11.35,2.284,5.58,2.77,1.5,0.34,0.99,2,0
7.19,13.13,2.123,3.8,5.89,1.71,0.3,1.08,1,13.14,8.54,2.319,5.83,3.6,1.44,0.27,1.51,0,1
7.26,12.79,2.193,4.31,3.05,1.79,0.28,1.31,1,10.13,7.87,2.049,4.02,2.81,1.35,0.3,1.41,0,1
7.36,14.09,2.326,3.69,4.36,1.77,0.29,0.8,1,7.2,12.79,2.251,2.33,4.71,1.72,0.28,0.78,1,0
7.5,13.91,2.202,3.52,6.17,1.75,0.27,0.84,1,7.16,13.5,2.23,2.95,8.21,1.77,0.28,1.12,1,0
11.02,11.16,2.323,6.41,2.71,1.46,0.35,1.07,2,12.96,8.3,2.13,6.59,2.5,1.35,0.26,1.53,0,0
6.6,14.58,2.191,3.04,7.89,1.77,0.25,0.74,1,12.2,7.77,2.195,4.23,4.44,1.29,0.26,1.41,0,1
7.34,14.18,2.279,3.25,8.67,1.81,0.26,0.9,1,10.03,8.23,2.245,4.2,1.92,1.35,0.23,1.29,0,1
6.98,13.19,2.233,3.99,4.39,1.82,0.28,1.2,1,11.91,12.03,2.551,4.84,3.7,1.49,0.27,0.83,2,1
12.46,7.89,2.328,5.27,2.93,1.36,0.28,1.45,0,10.73,10.45,1.926,6.52,2.49,1.31,0.27,1.23,2,0
8.4,12.13,2.295,3.08,7.27,1.74,0.36,1.12,1,12.23,8.46,2.179,4.24,5.62,1.39,0.3,1.24,0,0
10.21,8.95,2.222,4.24,3.92,1.44,0.23,1.28,0,11.03,8.66,2.096,4.23,2.93,1.26,0.21,1.08,2,0
9.78,11.37,2.194,4.02,6.86,1.48,0.25,1.08,2,11.48,8.33,2.025,4.61,4.05,1.34,0.25,1.28,0,0
7.51,13.51,2.298,4.16,3.14,1.81,0.23,1.04,1,7.67,14.0,2.128,4.88,3.43,1.74,0.27,0.93,1,0
6.94,15.03,2.136,4.59,3.48,1.77,0.31,0.86,1,13.54,7.31,2.301,4.26,5.42,1.36,0.28,1.73,0,1
12.08,11.23,2.395,6.51,4.99,1.46,0.28,0.95,2,11.31,11.47,2.395,4.64,6.38,1.43,0.3,1.05,2,0
8.16,12.79,2.293,4.4,3.16,1.77,0.24,1.04,1,11.19,10.99,2.397,5.07,2.51,1.45,0.3,1.05,2,1
8.21,15.14,2.273,4.85,3.67,1.79,0.36,0.76,1,6.82,13.24,2.194,3.06,5.96,1.83,0.24,1.41,1,0
7.02,14.53,2.309,3.64,4.71,1.85,0.26,0.85,1,7.26,13.44,2.247,3.5,4.34,1.75,0.29,0.94,1,0
8.47,11.15,1.644,4.96,6.28,1.32,0.27,1.02,2,11.78,9.66,2.532,5.19,3.09,1.42,0.32,1.2,2,0
8.09,14.57,2.144,6.45,3.59,1.76,0.23,0.8,1,12.08,10.54,2.416,4.77,7.53,1.53,0.28,1.19,0,0
7.17,12.99,2.165,2.85,8.06,1.78,0.22,1.26,1,11.74,9.5,2.265,5.36,3.78,1.33,0.31,1.21,2,0
6.76,15.36,2.127,4.78,3.63,1.81,0.3,0.83,1,9.27,12.22,2.137,5.88,4.32,1.49,0.35,1.03,2,1
6.61,14.07,2.161,3.4,8.67,1.78,0.4,1.07,1,11.01,9.54,2.166,5.3,5.31,1.34,0.29,1.22,2,0
7.08,14.03,1.883,4.32,3.32,1.65,0.33,0.82,1,12.16,9.66,2.312,4.48,4.86,1.47,0.38,1.08,0,1
7.93,12.89,2.316,3.88,4.38,1.74,0.31,1.02,1,8.59,12.79,2.389,3.11,7.74,1.79,0.33,0.99,1,0
9.31,8.25,2.123,2.79,2.97,1.37,0.3,1.05,0,13.26,8.29,2.18,5.02,4.34,1.37,0.26,1.31,0,1
7.67,13.54,2.263,3.97,4.95,1.8,0.23,1.14,1,7.78,14.26,2.383,4.44,3.28,1.82,0.25,0.83,1,0
12.66,9.05,2.209,4.78,4.95,1.42,0.32,1.37,0,12.48,9.0,2.312,4.62,3.1,1.27,0.29,1.2,2,0
9.62,11.75,2.015,4.38,6.43,1.39,0.26,0.97,2,9.64,9.75,1.806,4.73,3.98,1.32,0.24,1.0,2,1
9.42,12.06,2.071,5.45,3.9,1.46,0.3,0.86,2,7.79,13.01,2.287,3.95,4.4,1.78,0.37,1.08,1,0
6.42,13.36,2.146,3.08,7.05,1.75,0.22,1.01,1,12.09,8.7,2.099,4.25,5.63,1.37,0.27,1.23,0,0
11.9,12.07,2.619,5.86,2.65,1.5,0.26,0.84,2,8.56,10.97,1.828,4.14,6.19,1.37,0.32,1.0,2,0
10.61,10.1,2.164,3.97,5.29,1.37,0.34,1.03,2,11.91,7.98,2.048,4.95,3.28,1.28,0.31,1.07,0,0
6.57,15.8,2.108,2.99,9.59,1.84,0.33,0.76,1,11.67,8.35,2.024,5.44,2.38,1.34,0.3,1.33,0,0
10.61,10.67,2.097,5.02,4.47,1.36,0.28,1.11,2,9.42,11.0,1.917,4.86,4.59,1.35,0.28,1.06,2,0
6.74,14.57,2.042,3.57,8.03,1.74,0.29,0.66,1,10.43,10.38,2.101,4.41,5.53,1.35,0.32,1.01,2,1
13.42,9.03,2.171,5.81,2.67,1.42,0.29,1.12,0,10.49,7.68,2.11,4.15,2.03,1.36,0.23,1.3,0,0
8.22,13.25,2.511,4.2,3.03,1.8,0.37,1.05,1,11.54,9.21,2.085,5.74,2.57,1.41,0.27,1.22,0,1
7.55,13.49,2.295,4.25,4.27,1.78,0.36,0.88,1,7.13,13.96,2.298,3.39,6.53,1.85,0.27,1.16,1,1
7.27,13.56,2.191,4.0,4.76,1.78,0.31,1.1,1,7.8,11.99,1.691,4.7,8.31,1.44,0.29,1.17,2,1
12.94,8.84,2.327,5.74,3.25,1.37,0.28,1.21,0,10.44,10.64,2.163,5.72,2.39,1.38,0.32,0.96,2,0
7.12,14.52,2.21,3.95,4.63,1.75,0.36,0.78,1,11.5,10.03,2.308,4.98,2.26,1.39,0.26,0.94,2,0
10.56,9.81,2.086,5.6,2.31,1.35,0.26,1.09,2,11.87,8.37,2.316,4.7,2.0,1.35,0.24,1.04,0,1
8.1,12.9,2.244,3.18,7.91,1.78,0.28,1.09,1,11.76,8.99,2.145,5.85,3.67,1.4,0.32,1.31,0,1
10.54,13.11,2.222,5.32,6.13,1.54,0.31,0.83,2,11.49,10.71,2.329,5.77,3.79,1.48,0.29,1.01,0,1
10.65,11.18,2.2,4.83,4.58,1.42,0.3,0.97,2,9.72,12.05,2.306,5.09,3.85,1.53,0.27,0.8,2,0
10.46,10.82,2.167,4.77,5.86,1.37,0.24,1.04,2,10.53,10.55,2.092,4.28,5.81,1.36,0.39,1.07,2,0
7.42,12.52,2.23,3.08,5.38,1.73,0.35,1.07,1,11.04,10.08,2.079,6.06,3.31,1.35,0.29,1.07,2,1
11.12,8.53,1.933,5.53,2.11,1.26,0.32,1.32,2,11.3,8.94,1.951,4.01,6.72,1.39,0.29,1.34,0,0
10.55,10.71,2.229,4.6,3.35,1.43,0.25,0.92,2,12.31,8.77,2.229,6.07,2.48,1.39,0.31,1.44,0,1
7.86,13.74,2.238,3.93,6.41,1.73,0.29,0.94,1,11.76,9.79,2.145,5.25,2.14,1.31,0.28,1.02,2,0
6.78,14.35,2.149,2.74,8.3,1.78,0.3,0.82,1,7.16,13.83,2.165,3.19,8.22,1.78,0.26,1.01,1,0
10.54,9.58,1.853,4.54,3.31,1.25,0.3,1.08,2,10.63,9.4,2.03,4.74,4.24,1.27,0.23,1.1,2,1
7.84,12.87,2.15,3.01,8.39,1.73,0.25,1.23,1,10.46,8.85,2.159,4.09,3.63,1.36,0.32,1.14,2,0
7.8,15.24,2.306,3.98,10.01,1.85,0.41,0.81,1,6.7,13.81,2.143,4.88,3.04,1.73,0.35,0.89,1,1
7.31,14.38,2.223,4.19,4.44,1.74,0.24,0.68,1,11.41,8.56,2.041,4.78,3.8,1.33,0.26,1.09,0,1
7.51,13.82,2.341,4.22,4.49,1.84,0.36,0.95,1,10.57,10.76,1.997,4.51,6.78,1.38,0.33,1.02,2,0
11.45,9.51,2.105,6.65,3.08,1.33,0.22,1.12,2,10.67,9.58,1.876,5.66,2.57,1.38,0.3,1.13,0,0
6.98,12.45,2.051,3.32,5.48,1.71,0.29,1.24,1,9.51,11.48,2.034,5.6,4.08,1.45,0.24,0.94,2,1
8.51,13.12,2.382,4.68,3.3,1.83,0.27,1.24,1,7.04,13.28,2.234,4.44,4.68,1.81,0.35,1.25,1,0
7.09,12.85,2.273,3.42,4.01,1.76,0.24,0.97,1,11.45,11.02,2.417,4.39,4.39,1.44,0.32,0.92,2,1
7.5,13.31,2.238,3.62,6.03,1.76,0.39,1.11,1,11.39,7.38,2.221,4.13,2.59,1.33,0.32,1.31,0,0
6.88,15.22,2.313,4.48,5.05,1.85,0.31,0.8,1,9.09,10.64,1.665,5.58,5.5,1.37,0.33,1.21,2,0
10.08,11.65,2.131,4.4,6.61,1.45,0.27,0.86,2,10.78,12.43,2.244,5.38,7.96,1.5,0.28,0.94,2,0
9.41,11.18,1.814,4.88,4.74,1.36,0.32,0.91,2,11.81,8.59,2.094,3.93,6.11,1.4,0.22,1.42,0,0
7.46,16.29,2.344,5.39,3.83,1.91,0.27,0.66,1,11.11,10.91,2.353,4.66,3.66,1.48,0.34,0.95,2,0
8.11,12.02,2.109,4.42,3.01,1.67,0.22,1.27,1,12.5,8.41,2.634,4.12,3.47,1.38,0.25,1.48,2,0
9.41,12.53,2.19,4.58,4.16,1.56,0.31,0.82,2,12.3,9.89,2.288,4.91,2.5,1.45,0.23,0.92,0,0
12.77,8.79,2.149,6.66,2.59,1.42,0.23,1.14,0,12.42,8.75,2.231,5.94,2.68,1.43,0.32,1.5,0,1
8.02,14.01,2.134,3.94,4.91,1.76,0.37,0.83,1,10.42,12.39,2.373,4.67,2.71,1.53,0.28,0.77,2,0
9.4,13.27,1.991,5.05,5.57,1.45,0.42,0.74,2,10.88,11.7,2.268,5.12,6.74,1.45,0.24,0.93,2,0
10.2,9.28,2.152,4.37,4.03,1.38,0.3,1.25,0,10.15,9.72,1.986,4.73,3.95,1.34,0.34,1.05,2,0
10.97,10.66,2.303,3.98,6.5,1.47,0.27,1.03,2,12.48,8.74,2.319,4.22,6.38,1.43,0.33,1.6,0,0
10.94,10.78,2.127,5.74,3.46,1.34,0.26,1.12,2,13.95,9.76,2.2,6.18,2.84,1.44,0.26,0.99,0,0
10.77,12.33,2.28,5.96,2.87,1.49,0.33,0.85,2,12.07,8.78,2.322,4.55,5.82,1.41,0.31,1.5,0,1
9.21,11.27,1.913,5.86,2.64,1.39,0.31,1.0,2,8.81,10.68,1.795,5.53,2.56,1.38,0.32,0.94,2,1
8.19,13.72,2.382,4.78,3.31,1.83,0.34,0.93,1,11.17,9.28,2.12,5.7,2.67,1.43,0.29,1.34,0,1
11.09,10.19,2.084,6.14,2.4,1.34,0.24,1.23,2,10.89,9.44,2.207,4.74,5.96,1.44,0.29,1.28,0,0
7.9,14.19,2.293,4.43,5.07,1.77,0.3,0.96,1,10.48,10.39,2.132,4.52,3.37,1.4,0.31,0.94,2,0
7.98,13.69,2.408,4.68,3.02,1.8,0.26,0.78,1,14.99,8.77,2.27,5.56,6.21,1.36,0.29,1.12,0,1
7.02,13.33,2.136,2.92,7.32,1.73,0.32,0.91,1,7.9,12.91,2.167,4.38,3.24,1.73,0.27,1.17,1,0
7.13,13.26,2.205,2.66,7.58,1.75,0.35,0.94,1,11.45,7.69,1.931,6.19,3.14,1.31,0.29,1.48,0,0
11.51,9.21,2.23,5.14,1.94,1.29,0.3,1.12,2,13.67,8.14,2.294,5.03,3.78,1.35,0.27,1.11,0,1
7.79,14.32,2.261,3.94,6.92,1.8,0.4,0.98,1,11.41,9.26,2.212,5.12,6.23,1.42,0.31,1.36,0,1
7.04,14.31,2.239,4.1,4.85,1.8,0.29,0.95,1,10.9,10.47,2.184,5.49,3.69,1.42,0.28,1.16,2,0
6.94,12.47,2.082,4.01,2.9,1.68,0.29,1.23,1,9.76,11.27,2.043,4.75,6.2,1.4,0.29,0.92,2,1
8.31,13.86,2.519,3.53,8.46,1.84,0.34,0.93,1,11.13,10.64,2.159,5.86,4.14,1.33,0.31,1.12,2,1
7.73,13.99,2.296,3.47,7.89,1.77,0.25,0.77,1,9.55,9.68,2.12,3.58,5.47,1.44,0.24,1.12,0,1
7.62,11.51,2.351,2.91,4.73,1.74,0.3,1.34,1,12.37,7.93,2.218,4.31,5.11,1.35,0.25,1.34,0,1
10.37,11.59,2.017,6.08,3.94,1.38,0.27,0.99,2,9.47,11.2,1.788,4.01,5.99,1.32,0.24,0.91,2,1
10.14,8.21,2.311,2.79,4.76,1.44,0.3,1.51,0,10.51,8.86,1.878,4.04,4.0,1.23,0.26,1.06,2,1
7.57,14.41,2.265,5.37,3.47,1.8,0.39,1.0,1,11.89,8.44,2.055,4.35,6.06,1.39,0.33,1.39,0,1
8.18,14.61,2.155,5.71,3.23,1.7,0.27,0.6,1,11.66,8.66,2.435,4.76,2.26,1.44,0.24,1.26,0,1
9.37,11.58,1.871,4.0,6.45,1.39,0.35,0.86,2,12.62,8.94,2.317,4.84,4.76,1.44,0.26,1.42,0,0
7.24,14.42,2.076,3.41,9.24,1.75,0.4,0.84,1,6.91,13.49,2.209,3.82,5.94,1.76,0.29,1.13,1,0
11.43,11.28,2.294,4.83,6.57,1.43,0.27,1.0,2,13.24,9.07,2.181,5.85,4.97,1.39,0.27,1.22,0,0
9.85,12.07,2.155,5.29,4.28,1.54,0.21,0.96,2,10.8,11.0,2.249,5.18,3.7,1.44,0.4,0.98,2,0
11.85,10.09,2.2,4.9,5.5,1.48,0.32,1.23,0,13.18,9.77,2.219,6.0,4.22,1.45,0.37,1.12,0,0
11.29,9.02,2.001,4.99,3.66,1.4,0.28,1.24,0,10.8,9.21,2.213,5.31,2.87,1.33,0.24,1.22,2,0
8.13,12.35,2.286,2.91,7.43,1.78,0.28,1.14,1,11.36,8.81,2.087,4.67,2.92,1.36,0.28,1.01,0,0
10.37,9.7,2.176,4.61,4.09,1.38,0.3,1.13,2,12.2,8.5,2.219,4.95,3.19,1.39,0.29,1.2,0,0
12.03,12.63,2.772,6.89,4.25,1.62,0.33,0.93,2,11.18,9.46,2.053,5.74,2.17,1.31,0.32,1.05,2,0
9.29,10.82,1.806,4.26,6.49,1.36,0.32,1.07,2,15.74,8.19,2.487,6.42,6.31,1.42,0.28,1.47,0,1
8.06,14.6,2.34,4.46,6.85,1.84,0.27,0.84,1,7.36,13.68,2.169,3.87,6.11,1.74,0.31,0.93,1,0
10.6,10.26,2.166,4.75,2.92,1.34,0.37,1.02,2,10.27,10.67,2.034,5.64,2.52,1.39,0.23,0.99,2,0
13.94,9.0,2.198,6.63,3.98,1.39,0.31,1.32,0,12.28,9.39,2.541,5.12,4.72,1.33,0.23,1.44,2,0
10.71,10.85,2.146,5.71,3.28,1.36,0.29,0.98,2,7.59,12.52,2.116,4.52,3.03,1.69,0.32,1.13,1,1
8.14,13.91,2.203,3.72,9.59,1.76,0.32,1.05,1,11.4,8.73,2.025,5.08,1.89,1.26,0.31,0.97,2,0
8.16,12.92,2.255,3.43,7.89,1.73,0.3,0.93,1,9.75,8.74,2.282,4.09,2.92,1.44,0.28,1.44,0,0
11.35,8.38,2.077,4.78,2.37,1.4,0.23,1.21,0,11.1,7.97,2.151,3.79,3.76,1.36,0.25,1.52,0,1
9.76,11.44,2.049,5.85,5.07,1.42,0.29,0.98,2,7.78,12.23,2.15,3.91,2.85,1.67,0.41,1.06,1,0
11.63,11.22,2.551,5.59,2.65,1.53,0.27,1.02,2,12.08,7.43,2.104,5.26,2.99,1.35,0.26,1.54,0,0
7.11,12.34,2.293,2.43,6.89,1.84,0.28,1.52,1,7.17,12.99,2.074,3.14,5.88,1.73,0.32,1.11,1,0
6.9,13.54,2.252,3.85,4.49,1.8,0.26,1.03,1,10.9,11.12,2.324,4.22,6.31,1.49,0.25,0.89,2,0
7.5,13.57,2.152,3.82,5.85,1.71,0.33,0.91,1,7.28,12.38,2.239,2.93,7.02,1.72,0.27,1.13,1,1
10.9,10.04,1.905,6.0,3.66,1.35,0.28,1.16,2,9.26,11.57,1.885,5.44,2.65,1.4,0.23,0.81,2,0
7.07,12.32,2.375,3.37,2.82,1.82,0.32,1.47,1,11.83,9.78,2.436,5.22,5.58,1.43,0.34,1.1,2,1
8.6,12.67,1.906,4.18,5.61,1.47,0.3,0.79,2,11.86,9.82,2.203,5.15,3.74,1.31,0.28,1.11,2,1
11.02,8.18,1.894,4.84,3.33,1.33,0.28,1.38,0,13.41,7.67,2.335,4.82,3.06,1.39,0.26,1.51,0,1
7.05,14.14,2.24,4.24,3.36,1.77,0.33,1.0,1,7.53,13.8,2.391,3.71,3.07,1.83,0.29,0.91,1,0
8.16,14.09,2.312,3.98,6.67,1.79,0.28,0.93,1,9.54,11.62,1.954,4.83,5.44,1.43,0.32,1.02,2,0
12.98,7.96,2.082,6.17,4.71,1.36,0.28,1.64,0,12.05,7.66,2.198,4.18,3.4,1.34,0.29,1.16,0,0
10.22,9.0,2.14,3.81,2.93,1.39,0.28,1.14,0,11.88,8.78,2.248,4.43,3.21,1.29,0.28,1.11,2,1
7.95,13.31,2.178,5.25,3.06,1.71,0.41,0.91,1,10.28,9.47,2.012,5.78,2.57,1.39,0.23,1.26,0,1
7.23,13.96,2.273,3.03,8.41,1.81,0.31,0.96,1,10.56,11.12,2.11,5.62,3.34,1.35,0.31,0.99,2,0
7.25,12.77,2.154,3.75,4.32,1.8,0.24,1.36,1,10.1,9.1,2.206,2.84,5.1,1.42,0.34,1.25,0,0
12.93,9.27,2.244,4.34,7.07,1.48,0.27,1.32,0,12.34,10.08,2.314,4.47,5.06,1.48,0.25,1.05,0,0
7.31,14.66,2.215,4.21,4.77,1.75,0.32,0.78,1,7.46,14.66,2.111,3.94,10.32,1.76,0.31,1.02,1,1
10.06,10.09,1.948,3.8,5.82,1.36,0.29,1.1,2,7.44,12.14,2.235,3.22,3.89,1.74,0.33,1.17,1,0
6.56,13.09,2.167,3.44,5.52,1.75,0.31,1.13,1,12.76,9.4,2.522,6.06,2.64,1.47,0.25,1.29,0,1
8.12,13.24,2.184,3.99,6.59,1.75,0.34,1.13,1,7.47,12.64,2.274,3.6,4.17,1.78,0.27,1.17,1,0
7.08,14.25,2.077,4.07,4.76,1.68,0.27,0.84,1,10.7,10.4,2.07,5.78,2.48,1.36,0.2,1.1,2,1
8.4,14.13,2.299,4.69,3.52,1.78,0.33,0.9,1,10.98,10.82,2.203,5.47,3.51,1.41,0.33,0.97,2,1
8.14,13.93,2.347,5.11,3.49,1.83,0.3,1.09,1,11.67,8.96,2.103,5.16,4.91,1.4,0.3,1.48,0,0
7.28,14.27,2.194,3.78,8.76,1.78,0.29,0.91,1,7.06,13.11,2.164,3.78,3.14,1.76,0.29,1.21,1,0
7.79,12.16,2.285,2.52,6.51,1.78,0.33,1.01,1,11.3,8.29,1.993,4.64,4.1,1.35,0.31,1.41,0,0
6.86,13.04,2.151,3.94,4.3,1.7,0.29,1.17,1,10.89,11.38,2.32,6.3,2.54,1.44,0.33,0.9,2,1
7.0,13.42,2.148,2.85,7.74,1.73,0.38,0.98,1,12.55,8.87,2.176,4.99,3.42,1.4,0.35,1.13,0,0
7.65,15.11,2.267,4.62,3.49,1.78,0.34,0.71,1,9.9,9.88,1.868,5.45,3.33,1.33,0.21,1.1,2,0
7.96,11.6,2.239,3.14,5.23,1.72,0.36,1.38,1,9.16,12.41,1.948,5.56,4.3,1.46,0.26,0.88,2,0
14.26,8.16,2.162,5.97,4.74,1.35,0.29,1.44,0,7.99,13.73,2.295,3.22,8.03,1.75,0.39,0.84,1,1
9.97,10.8,1.903,5.11,4.54,1.34,0.26,1.04,2,11.1,8.66,2.278,4.98,2.28,1.39,0.31,1.44,0,1
15.03,7.95,2.324,6.24,2.54,1.38,0.32,1.39,0,9.5,10.56,1.813,5.17,4.53,1.32,0.23,1.18,2,1
7.42,12.59,2.167,3.53,4.16,1.73,0.22,1.05,1,10.52,8.92,2.203,4.41,2.96,1.38,0.31,1.25,0,0
7.25,14.06,2.132,3.47,8.99,1.76,0.27,0.93,1,7.26,13.05,2.171,3.86,2.84,1.69,0.31,0.93,1,0
8.62,12.46,2.349,3.76,4.15,1.77,0.3,0.94,1,12.25,10.17,2.332,4.93,5.01,1.34,0.3,0.99,2,1
11.23,8.59,2.019,5.34,2.55,1.25,0.22,1.21,2,11.98,8.55,2.297,4.97,4.12,1.38,0.25,1.46,0,1
7.4,13.38,2.305,2.87,8.24,1.81,0.33,1.19,1,12.0,7.75,2.167,5.36,2.93,1.35,0.26,1.38,0,1
6.95,12.99,2.178,3.32,7.6,1.74,0.29,1.17,1,11.34,8.83,1.998,5.38,2.61,1.39,0.35,1.37,0,1
6.67,13.66,2.289,3.67,3.02,1.82,0.32,1.04,1,8.74,12.72,2.23,3.22,8.62,1.76,0.36,1.23,1,1
11.64,11.48,2.464,4.66,4.35,1.43,0.39,0.96,2,10.26,9.64,1.961,5.06,3.16,1.34,0.27,1.12,2,1
12.51,11.09,2.518,5.8,4.4,1.43,0.33,0.93,2,13.99,8.49,2.565,4.89,3.67,1.36,0.31,1.22,0,0
7.66,14.16,2.405,4.49,3.49,1.88,0.29,1.14,1,11.32,10.27,2.304,4.97,4.38,1.42,0.27,1.04,2,0
8.72,12.09,1.972,4.18,4.77,1.47,0.3,0.68,2,12.39,9.08,2.082,7.21,2.69,1.37,0.35,1.23,0,0
8.58,12.75,2.302,2.91,7.58,1.7,0.34,0.88,1,7.75,13.6,2.156,4.51,3.33,1.75,0.28,1.03,1,0
7.3,14.29,2.172,4.41,4.98,1.79,0.29,0.9,1,8.8,11.9,2.36,4.32,4.26,1.73,0.3,1.27,1,0
7.89,14.15,2.199,4.38,4.59,1.7,0.35,0.73,1,11.83,10.23,2.248,4.97,3.96,1.35,0.3,1.02,2,1
7.33,15.64,2.363,4.27,3.28,1.8,0.29,0.65,1,12.77,9.02,1.974,5.27,5.11,1.38,0.27,1.18,0,1
10.89,9.45,2.369,3.28,5.25,1.45,0.27,1.11,0,13.41,7.55,2.097,4.37,5.55,1.35,0.21,1.42,0,1
12.86,9.08,2.179,5.32,3.35,1.37,0.24,1.04,0,11.8,8.58,2.167,4.37,4.0,1.37,0.29,1.26,0,0
11.32,10.48,2.425,5.36,4.24,1.41,0.29,1.13,2,11.14,11.73,2.39,6.21,4.13,1.49,0.32,1.16,2,1
11.61,7.96,2.057,5.47,1.92,1.25,0.3,1.34,2,12.28,9.02,2.339,5.13,3.29,1.46,0.35,1.06,0,1
9.84,11.16,1.987,5.53,3.81,1.42,0.22,0.93,2,11.08,9.6,2.172,4.93,2.12,1.3,0.25,1.31,2,0
10.67,7.66,2.214,3.75,1.88,1.35,0.31,1.24,0,13.19,8.23,2.075,5.77,3.62,1.35,0.26,1.46,0,1
7.68,14.3,2.309,3.98,3.38,1.88,0.25,0.97,1,10.68,9.25,2.176,5.34,2.41,1.42,0.31,1.23,0,0
11.78,8.93,2.485,4.75,3.28,1.47,0.24,1.39,0,11.76,9.29,2.025,5.41,4.51,1.35,0.41,1.19,0,1
8.41,13.28,2.246,3.99,3.15,1.78,0.25,0.9,1,8.79,9.28,1.541,5.12,2.2,1.25,0.3,1.02,2,0
8.24,13.61,2.333,3.74,6.52,1.8,0.28,1.11,1,13.74,7.94,2.451,4.65,5.06,1.38,0.25,1.35,0,0
8.6,12.84,2.293,3.83,6.08,1.78,0.35,1.12,1,11.89,9.28,2.043,4.8,7.29,1.37,0.32,1.38,0,1
11.15,9.32,2.151,4.83,4.68,1.43,0.33,1.28,0,13.17,8.62,2.241,5.4,3.76,1.45,0.26,1.34,0,0
11.47,8.68,2.176,4.96,2.5,1.26,0.24,1.29,2,13.09,8.34,2.237,6.25,2.28,1.34,0.22,1.24,0,0
7.94,13.54,2.223,3.61,8.64,1.77,0.35,0.99,1,11.05,9.74,2.051,5.48,3.84,1.28,0.29,1.27,2,0
10.86,8.58,2.191,4.88,2.2,1.4,0.29,1.23,0,10.59,10.46,2.239,5.09,3.58,1.43,0.27,1.08,2,1
7.98,13.91,2.28,4.93,3.35,1.78,0.29,0.94,1,10.19,10.56,2.025,4.96,4.78,1.41,0.3,1.05,2,1
7.39,13.51,2.414,3.67,5.56,1.83,0.33,0.98,1,12.73,9.03,2.201,5.49,2.4,1.38,0.24,1.03,0,0
6.69,14.48,2.467,3.56,3.9,1.87,0.3,0.7,1,7.94,11.93,2.164,3.12,5.14,1.68,0.33,1.07,1,1
10.45,10.41,2.179,4.72,2.45,1.43,0.29,0.94,2,10.85,7.68,2.127,3.28,3.47,1.36,0.29,1.39,0,0
7.38,14.28,2.138,4.1,4.95,1.76,0.27,0.95,1,11.65,9.82,2.369,4.17,4.72,1.49,0.24,1.1,0,1
8.15,13.6,2.26,3.9,4.78,1.77,0.32,0.93,1,9.96,9.41,1.911,4.85,4.85,1.27,0.26,1.25,2,1
7.29,13.54,2.291,3.62,4.44,1.79,0.22,1.0,1,13.15,8.47,2.285,6.19,2.62,1.4,0.34,1.56,0,0
7.35,14.73,2.185,5.02,3.39,1.78,0.29,0.75,1,12.6,8.44,2.265,5.1,5.8,1.4,0.25,1.4,0,1
11.3,10.45,2.347,4.14,5.32,1.37,0.28,1.1,2,11.74,8.81,2.369,4.35,3.85,1.41,0.29,1.09,0,1
9.88,9.89,2.098,3.75,5.78,1.44,0.29,1.08,0,11.91,9.08,2.155,4.56,4.2,1.39,0.29,1.03,0,1
7.46,14.01,2.346,3.95,3.03,1.79,0.41,0.78,1,6.8,13.73,2.151,3.27,5.93,1.77,0.35,0.99,1,0
11.61,8.46,2.039,5.6,2.54,1.39,0.26,1.43,0,10.31,8.72,1.991,5.85,1.91,1.26,0.29,1.14,2,0
7.52,14.02,2.111,3.55,9.15,1.72,0.4,0.98,1,13.2,8.5,2.181,4.76,4.57,1.37,0.29,1.32,0,1
7.09,13.17,2.212,3.29,2.83,1.73,0.32,0.9,1,13.24,8.6,2.083,6.87,3.99,1.37,0.29,1.53,0,1
7.76,12.58,2.385,3.44,2.82,1.79,0.32,1.11,1,8.07,12.74,2.335,4.56,4.68,1.76,0.3,1.24,1,1
12.87,8.45,2.178,4.92,4.53,1.4,0.28,1.35,0,14.37,8.37,2.382,4.26,6.2,1.41,0.34,1.36,0,0
7.59,14.13,2.107,3.96,6.68,1.75,0.26,0.95,1,9.86,9.04,2.112,4.53,3.18,1.42,0.25,1.32,0,0
13.54,8.59,2.372,4.49,4.74,1.44,0.36,1.49,0,14.14,9.58,2.178,5.73,8.14,1.43,0.3,1.28,0,0
9.98,9.65,2.223,4.46,2.35,1.44,0.26,1.2,0,11.81,8.12,2.087,5.85,3.14,1.33,0.26,1.36,0,0
7.37,13.58,2.236,3.36,8.53,1.8,0.39,1.06,1,9.71,11.3,1.917,6.06,4.04,1.4,0.31,1.08,2,0
7.92,14.23,2.336,4.44,3.34,1.81,0.37,0.89,1,12.63,8.92,2.266,5.45,3.49,1.41,0.28,1.23,0,1
10.21,12.06,2.177,6.3,3.06,1.5,0.3,1.03,2,11.08,7.36,2.389,4.62,2.0,1.39,0.22,1.52,0,0
7.71,13.36,2.12,3.99,6.29,1.71,0.32,1.01,1,10.68,8.04,2.047,4.09,3.76,1.37,0.25,1.29,0,0
6.97,14.68,2.17,3.39,6.55,1.8,0.23,0.84,1,10.9,8.71,2.032,5.16,2.63,1.26,0.27,1.33,2,0
8.29,12.93,2.338,3.49,5.78,1.73,0.26,0.98,1,13.29,8.47,2.306,4.91,3.47,1.41,0.23,1.37,0,0
7.44,13.96,2.254,4.4,3.28,1.81,0.24,0.94,1,11.41,8.87,2.07,4.7,3.52,1.4,0.23,1.26,0,1
12.38,8.21,2.417,5.5,2.32,1.4,0.22,1.69,0,12.67,7.68,2.318,4.13,3.65,1.25,0.3,1.47,2,0
11.05,10.56,2.388,4.83,4.38,1.45,0.24,1.01,2,14.38,8.5,2.275,5.03,7.18,1.42,0.34,1.52,0,0
11.61,9.52,2.131,5.81,3.25,1.35,0.29,1.19,2,10.94,6.97,1.882,3.41,3.31,1.28,0.22,1.57,0,0
7.46,13.85,2.324,5.57,3.18,1.79,0.23,0.96,1,6.91,14.52,2.275,3.86,6.61,1.89,0.28,1.12,1,1
8.1,12.6,2.369,2.92,5.2,1.77,0.31,0.93,1,8.25,13.2,2.247,4.84,4.85,1.73,0.36,1.0,1,0
11.88,11.31,2.599,4.62,2.39,1.5,0.27,0.77,2,11.14,8.16,2.325,4.04,3.08,1.45,0.25,1.58,0,0
6.81,13.76,1.968,3.69,6.5,1.69,0.34,1.05,1,8.01,12.2,2.231,3.27,5.51,1.73,0.25,1.22,1,1
8.66,12.38,1.698,5.05,5.4,1.37,0.31,0.84,2,13.3,8.74,2.277,4.71,6.49,1.42,0.2,1.39,0,1
9.72,12.27,1.998,4.48,5.37,1.48,0.24,0.78,2,10.56,8.07,2.197,2.89,4.87,1.4,0.32,1.55,0,1
7.57,13.81,2.175,3.61,6.35,1.75,0.2,0.9,1,8.16,12.81,2.335,3.24,7.6,1.77,0.33,1.0,1,0
12.15,9.11,2.4,4.09,5.78,1.47,0.3,1.17,0,11.95,8.83,2.116,4.43,3.96,1.24,0.27,1.21,2,0
7.64,14.13,2.194,3.57,4.64,1.79,0.27,0.76,1,11.56,9.74,2.183,5.58,2.82,1.46,0.29,1.26,0,0
8.91,12.63,1.973,4.0,8.07,1.51,0.29,0.94,2,9.53,13.96,2.172,5.55,9.58,1.59,0.35,0.8,2,0
13.94,8.79,2.404,5.17,2.49,1.43,0.27,1.18,0,11.39,8.33,2.226,3.76,5.53,1.4,0.29,1.51,0,1
12.36,8.94,2.137,6.14,2.62,1.39,0.22,1.36,0,15.08,8.51,2.427,7.06,2.64,1.4,0.3,1.38,0,1
13.92,8.28,2.418,4.93,3.32,1.45,0.26,1.16,0,12.01,7.37,2.198,3.92,3.87,1.39,0.21,1.53,0,1
12.01,6.48,2.22,3.39,3.52,1.3,0.26,1.13,0,12.16,9.24,2.289,3.86,6.02,1.43,0.24,1.2,0,0
10.11,11.86,2.21,5.65,5.58,1.52,0.31,1.06,2,10.72,9.64,2.07,5.58,4.31,1.35,0.26,1.31,2,0
7.8,15.22,2.419,3.08,8.53,1.9,0.35,0.63,1,7.3,15.09,2.351,4.45,3.3,1.85,0.3,0.71,1,0
10.66,11.54,2.048,5.99,5.01,1.38,0.27,1.03,2,10.29,10.16,2.039,5.5,3.56,1.38,0.28,1.24,2,1
8.07,13.47,2.311,3.85,8.11,1.74,0.3,0.91,1,11.21,9.07,2.049,4.83,1.81,1.24,0.28,1.01,2,0
6.87,13.82,2.257,3.08,5.75,1.84,0.32,0.98,1,10.91,11.21,2.149,4.28,4.68,1.41,0.22,1.0,2,1
7.53,14.46,2.25,3.78,3.34,1.8,0.39,0.82,1,10.14,10.48,2.037,4.36,3.83,1.37,0.31,0.77,2,1
7.35,14.08,2.264,3.62,6.45,1.8,0.32,1.07,1,7.1,11.9,2.268,3.02,7.06,1.75,0.35,1.53,1,0
10.14,10.57,2.066,4.08,6.19,1.39,0.32,1.12,2,12.98,8.89,2.356,6.77,2.52,1.4,0.28,1.41,0,1
8.12,13.53,2.19,2.81,8.8,1.76,0.23,0.96,1,12.01,9.64,2.314,6.17,2.38,1.42,0.27,1.08,0,0
7.09,14.34,2.331,2.72,8.6,1.82,0.3,0.94,1,10.52,11.13,2.117,5.03,4.22,1.4,0.31,0.79,2,1
9.51,10.05,1.983,4.64,2.93,1.35,0.32,0.91,2,9.89,9.77,1.845,6.04,4.53,1.32,0.31,1.31,2,0
10.92,12.14,2.309,4.93,4.79,1.47,0.29,0.84,2,12.92,8.32,2.398,5.4,2.28,1.38,0.29,1.32,0,0
7.59,12.82,2.289,2.29,7.31,1.77,0.29,0.99,1,10.35,10.51,2.057,5.82,3.51,1.38,0.28,1.1,2,0
6.96,13.21,2.221,3.1,5.58,1.79,0.29,1.08,1,10.53,11.37,2.318,3.38,6.44,1.5,0.36,0.89,2,0
7.93,12.99,2.322,4.59,4.34,1.76,0.25,1.03,1,7.36,14.63,2.368,4.27,5.21,1.92,0.39,1.05,1,0
14.04,8.95,2.253,6.97,3.62,1.35,0.29,1.29,0,10.96,9.86,2.148,5.45,2.54,1.41,0.28,1.26,2,0
10.85,10.1,2.058,5.71,3.24,1.36,0.33,0.92,2,12.49,8.06,2.16,4.89,2.5,1.42,0.24,1.5,0,0
7.55,16.17,2.168,5.32,3.88,1.79,0.36,0.69,1,9.33,10.76,1.876,4.2,3.33,1.35,0.3,0.89,2,1
9.86,8.81,1.91,3.71,4.53,1.29,0.22,1.23,2,12.83,8.41,2.274,5.13,2.43,1.43,0.22,1.3,0,0
10.5,10.71,1.991,5.95,4.17,1.32,0.28,1.07,2,11.85,9.75,2.291,6.34,2.84,1.3,0.28,1.2,2,1
10.51,10.93,2.059,5.56,2.4,1.35,0.23,0.94,2,11.58,7.55,1.902,5.06,4.15,1.33,0.3,1.51,0,1
10.59,11.49,2.172,5.86,4.05,1.45,0.37,0.99,2,11.53,9.61,2.202,6.81,2.15,1.32,0.27,1.13,2,0
8.0,13.56,2.309,3.23,8.54,1.79,0.34,1.0,1,12.65,8.58,2.269,5.23,3.43,1.42,0.31,1.29,0,1
11.65,10.62,2.402,5.65,2.52,1.46,0.33,1.08,2,13.35,8.31,2.231,5.09,2.24,1.36,0.27,1.04,0,1
10.27,12.87,2.268,4.73,6.78,1.46,0.35,0.8,2,9.95,7.92,2.194,4.13,2.15,1.42,0.25,1.79,0,0
10.64,10.13,2.069,5.14,3.44,1.26,0.36,1.16,2,9.99,9.96,2.048,4.99,4.1,1.33,0.29,1.19,2,1
10.56,11.92,2.238,4.85,3.93,1.49,0.36,0.88,2,9.71,10.55,1.89,4.38,3.94,1.32,0.29,0.94,2,0
7.75,13.63,2.347,3.92,4.55,1.82,0.43,0.95,1,11.19,10.76,2.223,4.54,4.51,1.41,0.21,0.99,2,1
5.96,14.5,2.177,2.78,7.99,1.82,0.32,1.0,1,11.18,9.63,2.263,3.89,4.97,1.36,0.35,1.06,2,1
8.06,12.38,2.433,3.72,3.04,1.83,0.29,1.46,1,7.57,12.73,2.218,3.99,4.43,1.77,0.29,1.26,1,1
7.18,13.77,2.307,4.09,5.62,1.76,0.31,0.85,1,6.83,14.37,2.41,3.84,2.98,1.85,0.31,0.89,1,0
8.0,13.55,2.198,3.18,8.27,1.75,0.34,0.81,1,10.23,9.64,1.994,4.84,2.28,1.36,0.32,0.96,2,1
8.07,12.83,2.185,4.48,5.81,1.67,0.31,0.96,1,11.29,9.9,2.152,3.97,5.42,1.34,0.26,1.08,2,1
7.26,14.87,2.216,4.38,3.26,1.81,0.3,0.71,1,11.21,8.94,2.14,4.71,3.34,1.28,0.29,1.25,2,0
7.65,15.07,2.292,3.76,6.85,1.85,0.38,0.8,1,11.36,8.87,2.095,4.67,3.5,1.42,0.37,1.28,0,0
7.72,14.38,2.199,4.79,3.32,1.74,0.33,0.83,1,11.68,8.74,2.231,5.22,2.44,1.41,0.23,1.34,0,0
9.06,11.31,1.856,5.17,2.58,1.39,0.25,0.88,2,9.43,10.84,1.913,3.54,5.66,1.37,0.28,0.84,2,0
11.1,10.31,2.201,5.61,3.49,1.38,0.31,1.19,2,9.84,8.42,2.12,3.69,2.14,1.42,0.31,1.29,0,0
9.85,9.66,1.749,5.02,4.06,1.29,0.34,1.09,2,12.48,8.62,2.163,4.87,5.98,1.39,0.29,1.29,0,1
7.46,13.84,2.218,3.89,4.4,1.77,0.26,0.8,1,10.09,9.7,2.007,4.76,3.89,1.32,0.33,1.23,2,1
12.03,9.4,2.235,5.68,2.52,1.42,0.24,1.08,0,12.6,8.8,2.21,4.88,4.85,1.44,0.31,1.35,0,0
7.08,14.08,2.03,4.21,3.41,1.77,0.29,1.02,1,11.58,9.86,2.281,6.07,2.95,1.31,0.27,1.29,2,1
9.52,9.25,2.185,3.91,2.99,1.44,0.29,1.19,0,11.07,9.57,1.93,6.25,2.72,1.39,0.21,1.15,0,0
9.32,12.31,2.029,6.22,5.56,1.46,0.3,0.99,2,10.25,10.21,1.996,5.46,2.37,1.36,0.22,0.99,2,0
6.87,14.47,2.303,2.79,7.71,1.8,0.3,0.75,1,6.51,12.15,2.211,2.24,6.8,1.84,0.27,2.85,1,0
11.89,10.36,2.25,4.16,5.46,1.36,0.28,0.99,2,10.74,9.39,2.242,3.43,5.3,1.4,0.36,1.22,0,1
9.1,13.46,2.272,3.79,7.74,1.59,0.31,0.72,2,7.77,12.67,2.332,3.75,4.3,1.75,0.32,1.09,1,1
11.26,9.9,2.151,5.33,2.75,1.3,0.33,1.02,2,10.57,10.6,2.204,5.54,3.25,1.37,0.24,1.14,2,1
8.5,13.59,2.334,4.85,3.28,1.75,0.32,0.87,1,10.35,8.86,2.183,4.63,2.73,1.34,0.34,1.27,0,1
7.24,14.73,2.342,4.14,3.25,1.85,0.3,0.8,1,11.62,9.57,2.196,4.58,3.62,1.45,0.25,1.06,0,0
8.6,12.61,2.268,3.5,4.25,1.76,0.3,0.93,1,10.24,9.99,1.984,3.66,5.39,1.34,0.31,1.03,2,1
10.85,9.28,2.124,5.03,4.29,1.4,0.3,1.24,0,9.56,8.18,2.407,2.79,4.08,1.42,0.24,1.43,0,0
9.35,12.58,2.046,5.17,5.98,1.5,0.29,0.95,2,10.6,8.82,1.991,4.4,5.96,1.38,0.28,1.34,0,0
7.35,13.13,2.334,4.67,3.04,1.79,0.31,1.15,1,10.65,10.85,2.154,5.09,4.28,1.37,0.3,0.95,2,0
8.6,13.07,2.227,4.02,4.5,1.71,0.29,0.87,1,7.4,12.56,2.388,4.09,3.04,1.79,0.28,1.42,1,1
7.6,13.83,2.366,3.12,7.73,1.77,0.29,0.79,1,12.6,8.77,2.176,4.81,6.04,1.37,0.26,1.29,0,0
8.47,12.52,2.301,4.48,3.06,1.72,0.38,1.13,1,12.86,9.31,2.38,4.99,2.71,1.52,0.25,1.29,0,0
9.72,12.35,2.212,6.02,2.87,1.51,0.32,0.86,2,10.1,10.57,2.13,4.5,4.03,1.39,0.29,0.89,2,1
7.79,13.33,2.3,4.25,3.02,1.77,0.31,0.88,1,10.78,9.4,2.168,4.75,2.06,1.32,0.28,0.99,2,0
7.42,13.43,2.219,3.63,5.5,1.73,0.27,0.8,1,10.88,10.47,2.14,7.05,3.36,1.35,0.25,1.18,2,0
10.68,10.36,2.24,6.14,3.72,1.41,0.31,1.36,2,11.32,6.38,2.229,3.5,2.35,1.34,0.31,1.51,0,0
7.62,15.42,2.347,3.42,9.3,1.83,0.31,0.69,1,10.56,9.9,1.92,5.08,4.19,1.31,0.22,1.09,2,0
7.88,12.49,2.102,3.41,5.94,1.71,0.31,1.24,1,9.37,11.9,1.867,6.12,2.93,1.42,0.26,0.91,2,0
7.38,13.02,2.146,3.89,2.88,1.67,0.3,0.95,1,9.32,9.01,2.069,4.92,2.21,1.42,0.23,1.22,0,0
6.63,14.18,2.155,2.88,8.23,1.8,0.27,0.96,1,7.8,13.7,2.258,4.28,4.41,1.75,0.3,0.82,1,0
9.91,11.65,2.179,5.26,2.71,1.46,0.26,0.92,2,11.93,9.6,2.277,5.17,3.79,1.48,0.3,1.31,0,1
6.94,14.75,2.302,3.13,8.09,1.82,0.29,0.72,1,13.61,9.07,2.466,5.8,3.56,1.44,0.32,1.34,0,0
9.43,11.02,2.015,5.13,4.69,1.39,0.23,1.09,2,12.97,7.29,2.126,5.4,2.93,1.34,0.27,1.37,0,1
7.87,12.91,2.256,3.96,6.05,1.77,0.25,1.15,1,10.01,10.93,2.125,4.07,6.06,1.43,0.42,0.89,2,0
7.27,12.86,2.288,2.47,6.84,1.75,0.34,0.92,1,12.29,7.97,2.376,5.27,3.02,1.39,0.26,1.46,0,1
9.86,9.96,1.961,5.21,3.87,1.32,0.29,1.06,2,13.44,9.43,2.151,7.15,2.78,1.38,0.29,1.25,0,0
10.17,11.07,2.066,5.96,4.53,1.4,0.34,0.85,2,13.06,7.84,2.31,6.09,2.21,1.36,0.23,1.32,0,1
11.99,9.39,2.163,6.3,3.83,1.39,0.27,1.44,0,12.9,7.89,2.144,6.36,2.3,1.34,0.24,1.35,0,1
6.72,13.26,2.33,3.05,3.78,1.78,0.22,0.89,1,7.85,12.99,2.203,3.02,7.94,1.72,0.23,1.0,1,0
7.66,14.22,2.257,3.4,8.27,1.74,0.35,0.75,1,10.52,11.69,2.357,4.11,7.63,1.55,0.23,1.11,2,0
7.78,14.89,2.407,3.69,8.66,1.9,0.34,0.77,1,11.01,8.76,1.999,5.38,3.59,1.38,0.24,1.38,0,1
8.97,12.08,1.99,4.49,3.77,1.47,0.32,0.69,2,9.03,10.3,1.612,5.4,3.16,1.26,0.28,1.13,2,0
7.66,13.89,2.256,3.72,3.06,1.78,0.34,0.75,1,11.95,8.65,2.167,4.72,3.2,1.38,0.36,1.14,0,1
10.86,12.97,2.433,5.79,2.93,1.58,0.31,0.7,2,10.3,10.93,2.102,4.44,5.32,1.34,0.3,0.91,2,1
9.72,12.36,2.225,4.93,4.09,1.54,0.3,0.79,2,10.77,10.09,2.03,4.36,4.35,1.36,0.26,1.07,2,1
8.02,11.2,2.381,3.85,3.88,1.75,0.28,1.58,1,11.03,8.48,1.962,5.19,4.21,1.33,0.26,1.43,0,1
8.13,12.1,2.193,4.27,3.02,1.68,0.33,1.24,1,10.14,10.64,1.996,5.52,4.78,1.37,0.3,1.11,2,1
7.73,14.18,2.233,4.49,3.26,1.8,0.26,0.78,1,7.58,13.55,2.259,4.03,4.67,1.8,0.24,1.01,1,0
7.86,12.98,2.21,3.94,4.31,1.79,0.29,0.95,1,9.43,12.36,2.043,4.54,7.24,1.47,0.36,0.82,2,1
11.43,9.23,2.101,4.6,6.28,1.41,0.29,1.25,0,12.22,8.15,2.241,5.34,2.26,1.38,0.28,1.3,0,0
10.57,12.39,2.418,5.5,3.9,1.52,0.28,0.79,2,15.54,9.44,2.317,4.97,7.43,1.45,0.29,0.96,0,1
7.17,15.39,2.334,4.18,3.44,1.84,0.31,0.83,1,7.15,13.04,2.221,3.01,5.46,1.75,0.35,0.99,1,0
6.64,16.05,2.162,3.77,8.93,1.76,0.29,0.62,1,13.2,10.85,2.65,5.02,4.41,1.45,0.38,1.0,2,0
9.58,10.26,1.853,5.15,4.7,1.34,0.38,1.28,2,7.37,12.31,2.303,3.75,2.97,1.78,0.27,1.41,1,0
6.96,12.9,2.063,3.22,6.06,1.76,0.31,1.44,1,11.48,8.16,2.229,4.92,2.98,1.38,0.28,1.32,0,0
7.32,13.54,2.119,3.92,4.52,1.74,0.34,0.89,1,8.38,11.62,1.789,6.9,3.98,1.4,0.26,1.01,2,0
7.98,14.46,2.262,4.7,4.93,1.74,0.3,0.82,1,10.92,9.72,2.123,4.09,5.09,1.32,0.31,1.13,2,0
10.42,11.21,2.202,3.56,5.61,1.39,0.28,0.88,2,13.27,8.29,2.114,6.37,3.64,1.36,0.32,1.34,0,1
10.66,11.73,2.411,5.81,2.41,1.45,0.26,0.87,2,11.81,7.31,2.229,4.65,3.0,1.38,0.24,1.77,0,0
7.71,13.07,2.36,3.87,4.32,1.78,0.25,1.02,1,10.44,9.36,2.118,4.17,3.38,1.3,0.32,1.17,2,0
11.33,8.78,2.195,5.48,2.28,1.38,0.33,1.36,0,13.35,7.26,2.426,3.62,4.95,1.41,0.26,1.71,0,1
9.15,11.55,1.91,3.64,6.24,1.4,0.3,0.84,2,9.84,10.68,2.02,5.57,3.64,1.39,0.39,1.09,2,0
7.35,12.05,2.162,3.74,3.86,1.66,0.33,1.15,1,10.2,9.79,2.018,4.59,2.84,1.32,0.31,0.96,2,0
7.66,14.23,2.195,3.32,5.99,1.75,0.38,0.69,1,11.15,11.26,2.292,5.45,2.53,1.45,0.28,0.83,2,1
10.74,11.51,2.384,4.93,3.52,1.47,0.36,0.82,2,9.35,11.02,1.846,5.97,2.57,1.37,0.29,0.96,2,0
10.55,10.97,2.093,4.25,6.52,1.42,0.25,0.98,2,9.81,11.08,2.038,4.54,6.12,1.39,0.25,1.0,2,0
13.56,8.96,2.35,6.4,3.8,1.44,0.37,1.21,0,13.68,9.62,2.304,6.89,2.89,1.45,0.32,1.25,0,1
10.58,11.52,2.189,6.2,3.79,1.43,0.35,0.91,2,12.15,9.22,2.449,4.17,3.2,1.33,0.29,0.99,2,0
10.41,9.67,2.112,5.42,2.32,1.37,0.24,1.16,2,11.49,10.22,2.427,6.45,2.35,1.41,0.26,1.12,2,0
7.11,13.73,2.366,3.57,4.52,1.85,0.37,1.07,1,9.98,10.01,2.016,5.21,4.31,1.37,0.28,1.03,2,0
12.49,10.69,2.039,5.41,8.68,1.46,0.33,1.06,0,13.07,8.59,2.352,4.49,6.01,1.41,0.24,1.42,0,0
12.56,8.76,2.327,5.6,2.52,1.47,0.37,1.28,0,14.07,8.35,2.28,6.22,3.52,1.4,0.3,1.28,0,1
10.57,10.35,2.135,5.25,3.36,1.38,0.36,0.99,2,13.08,7.81,2.38,6.03,2.2,1.37,0.27,1.35,0,0
9.94,10.91,1.873,6.01,3.43,1.31,0.31,1.05,2,10.7,11.5,2.273,3.72,6.34,1.46,0.37,0.86,2,1
11.15,10.51,2.254,6.2,3.19,1.37,0.35,1.04,2,9.84,9.1,2.288,2.87,4.78,1.46,0.25,1.12,0,1
7.55,13.84,2.32,4.08,4.79,1.82,0.33,1.07,1,10.07,12.01,2.099,6.28,2.81,1.49,0.29,0.78,2,0
7.63,14.03,2.122,3.84,5.23,1.79,0.29,1.01,1,9.58,12.03,2.095,4.28,4.72,1.45,0.34,0.73,2,0
13.99,8.37,2.381,6.27,2.58,1.44,0.35,1.56,0,11.96,7.99,2.233,4.73,2.89,1.35,0.24,1.4,0,0
8.45,14.66,2.266,3.45,9.29,1.77,0.37,0.74,1,11.07,9.57,2.248,4.62,5.67,1.39,0.3,1.34,0,0
10.29,10.73,2.162,5.46,2.56,1.43,0.36,1.07,2,8.57,9.33,1.707,3.8,5.21,1.3,0.29,1.16,2,0
11.01,10.99,2.193,5.34,2.52,1.4,0.24,1.0,2,11.81,7.45,2.068,5.22,1.79,1.24,0.27,1.34,2,0
7.56,13.23,2.254,3.45,6.04,1.75,0.38,1.11,1,11.66,9.96,2.423,4.47,3.9,1.38,0.39,1.08,2,1
7.62,13.96,2.145,3.24,8.12,1.7,0.36,0.72,1,10.23,10.56,1.983,4.61,4.99,1.4,0.23,1.23,2,0
7.81,15.21,2.255,5.33,5.69,1.8,0.27,0.89,1,9.02,8.54,2.119,3.4,2.31,1.34,0.23,1.09,0,0
6.92,14.11,2.301,2.96,9.07,1.87,0.35,1.27,1,7.52,12.16,2.172,2.86,6.68,1.72,0.37,1.08,1,0
7.19,13.04,2.344,2.54,5.25,1.84,0.27,1.07,1,9.72,11.6,1.988,5.07,5.15,1.4,0.28,0.93,2,0
8.11,13.77,2.377,4.39,4.72,1.84,0.31,0.94,1,9.93,8.07,1.648,5.77,1.77,1.17,0.31,1.54,2,0
7.79,13.7,2.128,2.99,8.37,1.72,0.23,0.82,1,11.88,9.4,2.269,6.07,3.45,1.42,0.4,1.15,0,1
6.91,13.45,2.02,3.32,7.66,1.67,0.24,0.91,1,6.87,11.01,2.391,2.68,6.29,1.77,0.33,2.15,1,1
7.51,13.61,2.259,3.48,8.08,1.75,0.33,0.96,1,8.23,13.57,2.269,3.8,6.14,1.77,0.3,0.87,1,0
7.9,11.47,2.23,3.66,2.75,1.71,0.23,1.36,1,11.38,8.56,2.045,4.67,3.37,1.38,0.27,1.24,0,1
11.53,9.61,2.206,5.38,2.97,1.32,0.25,1.13,2,13.07,9.2,2.265,5.73,5.45,1.44,0.34,1.44,0,1
6.89,15.86,2.254,4.62,3.44,1.81,0.21,0.72,1,7.09,13.32,2.138,4.1,2.97,1.7,0.29,0.96,1,1
11.15,10.61,2.233,5.37,4.37,1.41,0.28,0.94,2,10.17,8.64,2.438,2.73,4.55,1.45,0.33,1.33,0,0
8.8,13.32,2.365,3.83,4.58,1.79,0.35,0.87,1,10.81,9.4,2.36,4.31,2.94,1.42,0.32,1.06,0,1
7.06,14.34,2.259,4.07,4.66,1.79,0.34,0.9,1,7.27,12.54,2.11,2.5,7.36,1.71,0.3,1.17,1,0
10.81,7.96,2.005,4.61,2.27,1.23,0.31,1.18,2,11.26,10.93,2.229,5.92,3.6,1.4,0.27,0.98,2,1
13.57,8.81,2.291,5.28,3.04,1.36,0.3,0.99,0,11.34,8.01,2.084,3.84,3.55,1.37,0.27,1.07,0,0
10.61,9.43,2.07,4.65,2.69,1.28,0.3,1.12,2,10.67,9.35,2.138,4.51,4.57,1.43,0.23,1.28,0,0
7.39,14.47,2.168,4.61,3.33,1.75,0.29,0.77,1,8.32,13.09,2.238,3.33,5.94,1.7,0.29,0.87,1,1
10.93,10.14,2.513,4.64,2.27,1.46,0.35,1.05,2,10.78,8.41,2.369,3.89,4.66,1.38,0.27,1.48,0,0
11.4,12.22,2.653,4.64,2.53,1.61,0.29,0.65,2,10.02,11.39,2.068,4.99,3.6,1.42,0.27,0.9,2,0
10.93,11.22,2.397,5.19,2.42,1.47,0.35,0.77,2,12.01,9.06,2.25,5.94,2.13,1.34,0.3,1.11,2,1
12.9,7.98,2.275,5.66,2.36,1.4,0.31,1.39,0,10.3,9.58,2.114,3.69,4.77,1.35,0.31,0.92,2,1
9.96,11.47,2.027,3.84,4.39,1.39,0.36,0.77,2,10.88,9.16,2.284,3.36,3.9,1.45,0.33,1.02,0,1
11.57,9.78,2.326,4.93,5.29,1.38,0.29,1.14,2,10.98,9.39,2.071,4.63,3.47,1.29,0.28,0.98,2,0
11.35,8.92,2.067,4.46,4.33,1.39,0.25,1.17,0,12.86,8.35,2.453,5.96,2.24,1.37,0.26,1.42,0,1
12.11,9.3,2.097,4.83,6.86,1.42,0.28,1.41,0,9.84,8.83,2.054,5.29,2.23,1.39,0.31,1.33,0,0
10.86,11.46,2.277,5.96,2.65,1.48,0.3,0.89,2,9.51,9.71,1.721,5.51,2.24,1.28,0.32,1.02,2,0
9.64,11.87,2.065,5.58,5.42,1.44,0.28,0.98,2,11.99,8.72,2.243,5.9,2.29,1.39,0.2,1.21,0,0
7.55,12.19,2.302,3.03,5.13,1.77,0.26,1.29,1,11.8,9.3,2.235,5.01,2.48,1.44,0.38,1.0,0,1
7.1,14.29,2.118,3.65,3.06,1.72,0.39,0.68,1,12.22,10.31,2.472,4.15,3.65,1.38,0.31,0.9,2,1
8.42,10.95,1.746,4.84,3.65,1.38,0.3,0.95,2,11.49,10.8,2.296,5.49,5.12,1.45,0.36,1.16,2,0
9.49,11.66,1.928,4.1,6.85,1.42,0.35,0.79,2,13.15,7.56,2.29,4.79,3.08,1.39,0.27,1.52,0,0
7.04,13.77,2.251,3.79,3.19,1.82,0.31,1.03,1,10.82,8.58,2.219,4.2,2.21,1.41,0.24,1.29,0,0
11.08,10.78,2.421,3.45,6.08,1.5,0.29,0.99,2,7.04,14.08,2.255,2.98,8.45,1.83,0.27,0.96,1,0
7.78,16.16,2.383,3.32,8.91,1.81,0.33,0.55,1,13.7,7.56,2.21,5.66,3.02,1.32,0.23,1.44,0,0
10.9,11.31,2.291,5.31,4.62,1.44,0.36,0.93,2,9.71,10.53,2.026,5.04,3.47,1.4,0.33,1.0,2,0
8.01,13.09,2.239,4.59,4.27,1.73,0.32,0.86,1,7.01,12.63,2.085,3.89,2.87,1.68,0.25,0.99,1,0
13.31,9.85,2.389,4.74,4.84,1.47,0.29,1.11,0,11.88,8.36,2.203,5.89,2.41,1.4,0.29,1.44,0,0
6.94,12.55,2.088,2.89,5.64,1.69,0.28,1.21,1,11.12,9.06,2.223,5.46,2.18,1.37,0.26,1.09,2,0
7.22,14.56,2.202,4.15,3.39,1.78,0.37,0.9,1,10.06,11.73,2.051,4.49,6.96,1.43,0.27,0.89,2,1
12.53,7.97,2.32,4.32,3.78,1.36,0.34,1.47,0,11.72,8.19,2.383,6.06,2.29,1.4,0.27,1.62,0,1
10.04,12.18,2.112,5.45,4.22,1.47,0.29,0.93,2,8.27,13.94,2.223,4.45,7.04,1.77,0.34,1.0,1,0
11.35,6.98,2.034,2.91,4.37,1.35,0.3,1.46,0,11.56,9.53,2.243,6.09,2.31,1.36,0.27,1.25,2,0
7.67,11.86,2.188,3.36,4.82,1.67,0.28,1.02,1,10.14,7.18,1.987,4.07,2.47,1.32,0.23,1.3,0,0
10.13,11.12,2.168,4.03,6.48,1.46,0.34,1.01,2,10.72,10.59,2.065,5.19,2.46,1.37,0.32,1.03,2,0
11.74,9.55,2.466,5.45,4.67,1.49,0.38,1.27,0,13.07,7.41,2.044,4.39,4.17,1.36,0.36,1.55,0,0
9.53,10.27,1.841,5.22,4.23,1.33,0.23,1.04,2,11.79,8.85,2.161,6.39,2.5,1.42,0.28,1.27,0,0
10.69,7.81,2.179,4.76,2.16,1.37,0.35,1.57,0,11.21,10.39,2.291,4.27,4.07,1.38,0.29,1.05,2,1
13.38,9.35,2.213,5.26,7.35,1.42,0.32,1.32,0,11.35,9.64,2.115,5.89,2.24,1.33,0.24,1.16,2,0
11.45,9.12,2.362,4.1,3.25,1.33,0.29,1.05,2,11.0,10.39,2.218,4.28,5.43,1.36,0.33,1.14,2,0
11.08,11.66,2.189,4.37,6.7,1.42,0.23,0.95,2,13.85,8.85,2.391,6.03,3.72,1.42,0.24,1.37,0,1
7.71,13.88,2.328,2.91,8.29,1.76,0.32,0.89,1,13.36,9.06,2.465,5.99,3.63,1.47,0.31,1.28,0,0
10.28,7.69,1.964,3.64,4.31,1.32,0.23,1.18,0,11.78,7.92,2.311,4.66,2.64,1.35,0.25,1.17,0,0
8.05,12.38,2.467,2.99,7.22,1.78,0.26,1.14,1,12.04,10.15,2.413,4.52,5.37,1.39,0.27,1.12,2,0
7.38,14.53,2.247,3.11,8.5,1.79,0.27,0.79,1,7.56,14.46,2.209,4.38,4.82,1.82,0.41,0.78,1,0
7.51,13.92,2.308,3.95,3.19,1.82,0.3,0.99,1,10.32,8.86,2.099,5.19,2.28,1.4,0.3,1.34,0,0
15.0,8.43,2.241,5.1,5.17,1.43,0.33,1.34,0,12.33,8.69,2.145,5.64,2.42,1.38,0.24,1.25,0,0
9.74,11.92,2.079,5.44,2.91,1.47,0.38,1.0,2,11.2,8.26,2.226,3.53,4.96,1.39,0.25,1.31,0,1
7.23,13.13,2.341,4.32,3.13,1.82,0.27,1.27,1,13.25,8.27,2.29,4.81,5.73,1.39,0.25,1.4,0,1
7.77,14.62,2.146,4.87,5.21,1.76,0.34,0.76,1,13.16,8.49,2.277,6.11,2.54,1.41,0.25,1.34,0,0
11.21,9.02,2.034,5.81,3.29,1.25,0.24,1.24,2,10.31,10.11,1.903,5.65,4.07,1.3,0.28,1.18,2,0
8.39,12.59,2.325,3.12,7.89,1.72,0.33,1.12,1,7.73,11.84,2.148,2.99,7.63,1.67,0.3,1.5,1,0
13.06,8.57,2.036,6.08,3.36,1.32,0.32,1.15,0,14.66,7.93,2.261,4.83,5.64,1.33,0.25,1.33,0,1
10.67,8.64,2.115,4.1,3.25,1.3,0.33,1.2,2,10.97,8.91,2.111,5.06,3.21,1.38,0.23,1.31,0,0
8.01,13.29,2.187,3.58,4.3,1.73,0.22,0.8,1,10.71,9.1,2.287,3.07,4.64,1.42,0.34,0.95,0,1
10.61,10.32,2.093,4.75,4.25,1.37,0.3,1.09,2,9.08,8.45,2.272,3.72,1.89,1.39,0.28,1.43,0,0
9.2,10.9,1.908,5.51,2.63,1.41,0.33,0.98,2,10.54,10.59,2.094,4.67,5.99,1.38,0.33,1.08,2,1
10.45,12.75,2.332,5.18,5.46,1.51,0.21,0.86,2,11.38,9.15,2.124,4.64,4.51,1.39,0.26,1.31,0,0
6.44,14.5,2.109,4.28,3.29,1.74,0.3,0.94,1,12.79,8.3,2.312,6.47,1.79,1.23,0.24,1.36,2,1
9.01,13.15,1.986,5.37,2.96,1.45,0.3,0.8,2,7.58,15.75,2.255,3.89,7.25,1.82,0.4,0.67,1,0
6.97,13.31,2.379,3.08,8.1,1.9,0.34,1.47,1,12.56,8.03,2.124,4.97,4.23,1.39,0.26,1.29,0,0
12.25,8.46,2.134,5.89,3.18,1.33,0.27,1.23,0,7.13,12.05,2.168,3.71,5.15,1.67,0.33,1.27,1,0
9.85,9.83,1.878,3.6,5.26,1.33,0.29,1.02,2,8.29,12.54,2.204,3.91,3.14,1.74,0.28,1.3,1,0
7.78,14.49,2.22,5.21,3.49,1.78,0.3,0.86,1,11.61,11.24,2.337,5.18,3.13,1.37,0.27,0.87,2,0
12.14,8.98,1.99,4.46,5.58,1.36,0.32,0.89,0,10.47,8.9,2.024,4.44,2.16,1.32,0.28,1.27,2,0
12.29,9.87,2.472,4.72,2.11,1.36,0.27,1.02,2,11.08,9.59,2.024,6.58,2.43,1.33,0.26,1.32,2,0
7.39,14.99,2.315,2.94,8.49,1.86,0.27,0.66,1,9.96,10.38,2.026,4.67,3.39,1.39,0.33,0.96,2,0
13.38,9.48,2.199,5.87,2.65,1.4,0.26,1.08,0,11.34,9.79,2.379,4.26,2.38,1.5,0.26,0.94,0,0
11.09,9.3,2.115,3.63,4.97,1.33,0.32,1.15,2,12.63,7.8,2.2,4.7,2.99,1.35,0.28,1.3,0,0
7.15,14.72,2.225,4.16,3.41,1.83,0.25,0.82,1,7.05,12.79,2.229,3.5,4.03,1.72,0.27,1.05,1,1
7.22,11.84,2.107,2.56,6.35,1.67,0.29,1.09,1,10.36,11.23,2.134,5.63,2.56,1.41,0.3,0.91,2,1
7.9,13.79,2.382,4.42,4.79,1.81,0.35,0.98,1,11.57,8.94,2.386,4.53,2.09,1.38,0.26,1.06,2,0
7.75,12.26,2.252,2.78,6.98,1.74,0.35,1.05,1,13.02,8.28,2.248,5.49,3.39,1.4,0.26,1.44,0,1
10.42,9.27,1.928,4.12,4.33,1.27,0.29,1.03,2,10.4,10.29,2.082,4.93,3.37,1.37,0.33,1.03,2,0
9.73,8.89,2.088,4.45,2.96,1.39,0.3,1.22,0,11.53,7.64,2.058,4.55,4.22,1.37,0.29,1.77,0,1
9.89,11.39,2.171,4.91,2.46,1.44,0.28,0.85,2,11.1,10.43,2.111,5.16,4.32,1.36,0.25,1.08,2,1
13.07,8.39,2.361,5.4,3.29,1.4,0.26,1.27,0,12.24,7.89,2.228,4.45,5.34,1.37,0.28,1.48,0,0
11.26,8.16,2.02,4.23,4.13,1.37,0.35,1.43,0,12.5,8.23,2.115,6.34,2.46,1.35,0.33,1.68,0,0
7.25,12.78,2.181,3.83,4.51,1.73,0.27,1.3,1,9.86,11.78,2.228,5.12,3.9,1.49,0.31,0.94,2,0
7.27,14.33,2.17,4.36,6.43,1.78,0.29,0.84,1,6.64,13.2,2.108,3.59,4.18,1.71,0.36,1.1,1,0
9.84,8.7,1.704,4.19,3.43,1.25,0.31,1.14,2,9.57,9.56,1.923,3.84,3.63,1.33,0.24,0.95,2,0
7.33,15.35,2.141,4.37,6.87,1.75,0.35,0.72,1,12.06,9.88,2.332,5.14,4.04,1.35,0.25,1.25,2,0
9.92,11.51,1.935,4.25,6.22,1.38,0.31,0.81,2,8.89,11.58,1.845,4.72,4.83,1.38,0.31,0.91,2,0
11.57,8.91,2.296,3.91,5.2,1.39,0.28,1.34,2,10.7,10.05,2.101,5.33,2.37,1.38,0.25,1.03,2,0
7.76,12.92,2.426,2.65,7.1,1.77,0.33,0.93,1,7.7,12.65,2.259,2.98,7.75,1.76,0.32,1.21,1,1
8.05,11.93,2.251,3.25,5.23,1.73,0.31,1.18,1,11.35,9.94,2.197,5.15,3.31,1.36,0.3,1.23,2,0
8.21,14.99,2.307,4.9,3.6,1.82,0.26,0.8,1,11.21,7.0,2.027,4.24,4.49,1.32,0.26,1.44,0,0
6.06,15.58,2.141,5.24,3.46,1.81,0.28,0.86,1,12.14,8.01,2.163,4.23,4.29,1.39,0.23,1.5,0,0
11.2,11.05,2.211,4.52,6.23,1.42,0.31,0.92,2,13.15,8.68,2.394,4.79,4.51,1.46,0.24,1.28,0,1
7.18,14.0,2.157,4.97,3.56,1.77,0.44,1.07,1,11.71,9.23,2.384,5.15,2.45,1.43,0.31,1.3,0,1
7.68,14.22,2.352,5.03,3.22,1.8,0.31,0.9,1,11.35,8.57,2.192,5.53,2.18,1.39,0.26,1.21,0,1
9.09,8.32,2.219,3.22,2.32,1.36,0.21,1.18,0,8.61,11.81,2.281,3.91,5.85,1.75,0.26,1.54,1,0
11.43,11.89,2.486,5.37,2.69,1.52,0.36,0.87,2,9.68,9.68,1.814,4.01,5.53,1.32,0.27,1.12,2,0
10.59,10.13,2.056,4.21,3.81,1.33,0.27,0.91,2,12.97,8.43,2.389,5.29,2.75,1.23,0.23,1.32,2,0
13.68,7.6,2.364,4.14,5.86,1.43,0.28,1.87,0,11.48,8.4,2.329,5.32,2.25,1.37,0.25,1.47,0,1
7.3,14.74,2.298,3.91,4.73,1.81,0.26,0.73,1,12.12,9.22,2.332,5.95,1.91,1.27,0.34,1.19,2,0
13.19,8.7,2.338,6.31,3.82,1.41,0.26,1.66,0,7.43,13.74,2.338,4.11,4.75,1.86,0.29,1.1,1,1
7.21,14.62,2.187,3.17,8.64,1.78,0.35,0.82,1,11.76,12.13,2.503,7.48,2.86,1.52,0.3,0.96,2,1
7.55,13.94,2.266,3.94,2.97,1.78,0.39,0.76,1,12.23,8.69,2.216,5.03,4.29,1.4,0.27,1.33,0,0
7.22,13.11,2.219,3.9,2.86,1.71,0.38,0.99,1,10.29,10.08,2.063,5.64,3.61,1.39,0.24,1.17,2,1
7.05,13.21,2.079,3.67,4.71,1.73,0.27,1.14,1,10.41,8.75,1.899,3.98,3.2,1.25,0.23,1.21,2,1
10.41,11.13,2.263,4.86,3.51,1.45,0.28,0.83,2,13.23,10.66,2.652,5.11,2.07,1.35,0.27,0.96,2,0
8.97,14.02,2.184,5.32,3.64,1.69,0.25,0.88,1,9.51,12.89,2.174,5.04,5.91,1.53,0.37,0.89,2,0
9.8,10.52,1.957,3.51,6.04,1.39,0.24,1.01,2,11.19,8.95,2.357,4.52,2.91,1.38,0.22,1.32,0,0
11.24,10.17,2.168,4.58,5.39,1.34,0.24,1.07,2,10.29,9.94,1.983,5.46,4.1,1.31,0.3,1.2,2,1
10.34,9.91,1.987,4.92,3.05,1.35,0.23,0.91,2,11.27,8.31,1.905,4.61,3.98,1.31,0.27,1.28,0,1
9.65,10.0,1.88,3.96,2.95,1.34,0.3,0.78,2,10.88,8.62,2.032,3.76,5.15,1.34,0.29,1.25,0,0
11.28,10.7,2.304,4.79,5.93,1.39,0.34,1.09,2,13.65,8.25,2.174,5.33,4.26,1.34,0.33,1.23,0,0
8.77,13.83,2.263,3.92,6.36,1.71,0.4,0.8,1,8.56,12.77,2.227,4.43,2.93,1.66,0.24,0.82,1,0
7.19,13.83,2.283,3.29,4.3,1.77,0.36,0.84,1,6.62,14.45,2.097,3.06,6.17,1.79,0.35,0.8,1,0
7.84,13.88,2.34,3.97,6.2,1.81,0.33,0.94,1,10.48,12.38,2.219,4.12,5.44,1.48,0.37,0.87,2,0
11.49,10.67,2.336,5.76,3.61,1.44,0.27,1.04,2,11.63,8.63,1.988,4.54,4.0,1.34,0.24,1.14,0,0
11.77,7.46,1.984,4.92,2.22,1.34,0.32,1.36,0,13.66,8.54,2.364,6.13,2.62,1.44,0.34,1.47,0,0
7.56,11.96,2.251,3.51,5.28,1.75,0.34,1.41,1,11.62,9.59,2.151,7.02,2.59,1.41,0.27,0.98,0,1
7.43,14.25,2.162,4.63,3.22,1.78,0.29,0.79,1,8.02,13.49,2.179,4.42,3.29,1.73,0.26,0.99,1,0
7.0,16.09,2.214,3.91,5.19,1.8,0.3,0.62,1,10.41,9.59,2.035,5.54,2.28,1.35,0.26,1.11,2,1
13.24,8.3,2.138,7.56,3.72,1.36,0.27,1.48,0,11.84,10.34,2.19,3.4,7.23,1.47,0.3,1.04,0,0
11.25,11.48,2.421,3.47,5.82,1.48,0.33,0.81,2,11.38,11.38,2.231,5.23,4.31,1.36,0.34,1.05,2,0
10.4,10.77,2.21,5.27,2.6,1.44,0.27,1.1,2,11.73,8.95,2.159,4.07,4.29,1.41,0.33,1.2,0,1
11.38,9.14,2.343,4.98,3.21,1.42,0.23,1.28,0,11.8,10.28,2.088,7.79,4.17,1.31,0.33,1.15,2,1
7.85,12.97,2.32,3.4,5.86,1.78,0.39,1.07,1,7.76,14.22,2.137,4.94,5.21,1.72,0.34,0.97,1,0
9.98,10.71,1.949,5.62,3.39,1.34,0.29,0.98,2,11.63,8.86,2.188,4.23,4.28,1.41,0.24,1.31,0,1
7.12,13.81,2.293,3.84,3.0,1.8,0.3,0.9,1,11.2,8.37,1.922,5.17,3.25,1.34,0.27,1.24,0,1
12.24,7.86,2.068,4.47,4.9,1.32,0.31,1.2,0,11.8,7.96,2.09,4.35,4.04,1.36,0.27,1.37,0,0
13.49,8.07,2.082,4.77,5.97,1.33,0.22,1.37,0,12.32,7.77,1.961,5.37,3.22,1.33,0.28,1.29,0,1
9.27,11.36,1.815,5.28,4.47,1.33,0.25,0.91,2,10.21,10.19,1.987,4.43,3.42,1.4,0.36,0.88,0,0
9.53,11.27,2.072,4.39,5.35,1.49,0.32,1.03,2,14.35,7.86,2.304,4.67,5.88,1.38,0.3,1.58,0,0
12.03,9.43,2.288,6.26,2.6,1.41,0.36,1.26,0,9.06,12.84,2.428,3.92,8.19,1.78,0.37,1.02,1,1
7.68,13.38,2.352,3.46,5.81,1.78,0.31,0.97,1,10.3,10.04,1.974,4.51,4.03,1.32,0.28,1.05,2,0
10.15,10.07,1.861,6.03,2.37,1.32,0.38,1.07,2,13.31,9.62,2.373,5.5,5.24,1.44,0.34,1.27,0,0
8.63,13.45,2.327,3.63,6.13,1.78,0.4,0.87,1,7.99,12.58,2.304,4.26,3.0,1.77,0.31,1.14,1,0
9.25,11.52,1.908,4.52,4.76,1.39,0.33,0.93,2,12.18,7.51,2.178,5.22,1.74,1.22,0.22,1.49,2,0
10.15,11.78,2.009,5.23,5.16,1.39,0.3,0.97,2,14.8,8.8,2.247,4.7,5.9,1.36,0.21,0.98,0,1
11.37,10.22,2.353,5.99,2.38,1.4,0.29,1.14,2,11.4,8.51,1.988,4.01,3.86,1.22,0.24,1.37,2,0
7.01,13.68,2.18,2.93,8.19,1.76,0.3,0.99,1,10.38,11.16,2.004,5.67,3.27,1.33,0.37,0.91,2,0
9.85,12.28,2.112,5.18,2.67,1.44,0.32,0.78,2,10.88,8.33,2.002,4.88,2.33,1.36,0.28,1.34,0,1
7.98,12.93,2.27,4.68,3.06,1.73,0.32,1.13,1,10.21,9.69,1.979,4.96,3.04,1.31,0.25,1.12,2,1
7.96,12.26,2.167,4.15,3.03,1.77,0.29,1.4,1,6.54,13.2,2.154,3.57,4.27,1.73,0.32,1.12,1,1
11.39,10.45,2.233,4.62,4.82,1.31,0.31,1.02,2,10.78,9.6,1.965,5.27,3.56,1.27,0.27,1.14,2,0
7.37,13.93,2.211,3.85,3.14,1.75,0.39,0.86,1,12.74,8.01,2.256,4.42,4.04,1.38,0.28,1.4,0,1
9.98,11.31,2.091,6.24,2.63,1.4,0.32,1.06,2,12.28,9.22,2.351,6.52,1.9,1.27,0.3,1.06,2,1
7.19,15.32,2.292,3.71,6.76,1.85,0.3,0.79,1,12.7,8.51,2.31,5.08,4.22,1.4,0.27,1.43,0,0
7.51,13.52,2.077,4.75,3.28,1.72,0.35,1.0,1,11.25,8.68,2.028,4.23,4.46,1.26,0.3,1.24,2,1
7.72,15.14,2.206,4.02,10.33,1.82,0.26,0.86,1,12.44,8.09,2.137,5.34,2.31,1.35,0.31,1.4,0,0
10.68,9.24,1.877,5.64,2.06,1.26,0.32,1.13,2,9.64,9.32,1.641,3.91,4.23,1.22,0.31,1.0,2,0
11.65,9.43,2.046,5.12,4.92,1.38,0.31,1.25,0,10.36,9.98,1.934,4.26,3.7,1.28,0.24,1.12,2,0
8.73,12.2,2.319,3.75,5.65,1.73,0.34,1.14,1,12.12,8.97,2.389,6.37,2.46,1.42,0.28,1.48,0,0
11.35,11.13,2.382,4.98,3.67,1.47,0.34,0.99,2,11.0,9.17,2.124,5.52,3.51,1.43,0.27,1.13,0,1
12.04,8.93,2.211,4.77,3.45,1.31,0.25,1.16,2,9.57,8.94,1.705,4.33,3.48,1.26,0.32,1.12,2,0
13.65,7.73,2.332,4.46,4.07,1.4,0.3,1.34,0,10.17,9.04,2.145,4.57,2.25,1.38,0.3,1.25,0,0
7.44,12.18,2.286,2.38,6.63,1.78,0.29,1.13,1,10.18,11.59,1.961,6.43,3.8,1.36,0.38,1.01,2,1
7.54,13.45,2.151,3.16,8.0,1.73,0.33,0.92,1,12.61,9.29,2.182,5.23,4.61,1.4,0.31,1.02,0,0
7.4,13.5,2.29,3.56,8.39,1.83,0.27,1.19,1,9.92,10.92,2.115,4.01,6.72,1.47,0.28,1.03,2,0
9.84,13.64,2.224,4.24,8.16,1.57,0.29,0.69,2,10.81,11.85,2.336,4.58,5.78,1.45,0.24,0.69,2,0
10.84,12.82,2.43,5.86,4.28,1.56,0.32,0.83,2,8.94,8.49,1.926,3.91,2.87,1.37,0.39,1.42,0,0
9.06,11.54,1.81,6.17,2.77,1.37,0.31,0.94,2,11.64,8.76,2.126,3.79,5.28,1.36,0.26,1.13,0,1
6.72,13.86,2.304,3.29,3.0,1.86,0.24,0.93,1,13.77,8.34,2.165,6.01,3.69,1.38,0.3,1.41,0,0
7.24,14.87,2.372,3.61,9.17,1.9,0.23,0.89,1,7.3,14.61,2.223,3.84,3.3,1.79,0.34,0.79,1,0
7.15,13.43,2.097,4.13,4.69,1.72,0.37,1.08,1,7.63,12.5,2.238,3.78,3.04,1.8,0.29,1.48,1,0
8.59,12.03,1.778,4.61,7.34,1.42,0.25,0.76,2,11.72,8.57,2.049,5.1,3.26,1.37,0.37,1.12,0,0
7.27,14.98,2.355,4.26,4.84,1.84,0.3,0.81,1,11.1,8.92,1.947,4.81,3.24,1.26,0.28,1.03,2,0
7.78,12.75,2.174,3.58,5.63,1.68,0.25,1.08,1,11.07,10.62,2.376,4.31,4.01,1.38,0.32,1.03,2,0
6.44,14.79,2.124,3.44,5.95,1.77,0.3,0.77,1,9.36,11.79,1.922,5.25,2.65,1.41,0.24,0.82,2,1
6.95,13.4,2.137,2.48,7.11,1.73,0.31,0.84,1,11.24,10.82,2.354,4.19,4.01,1.41,0.33,0.85,2,0
7.51,13.66,2.157,3.34,8.63,1.75,0.32,0.95,1,11.38,10.37,2.165,5.36,3.32,1.36,0.32,1.04,2,0
7.64,12.62,2.339,2.87,8.01,1.83,0.34,1.58,1,11.38,7.78,2.242,4.73,1.9,1.33,0.25,1.21,0,0
6.57,14.49,2.241,2.48,8.18,1.85,0.34,0.86,1,6.98,12.95,2.09,3.97,3.01,1.71,0.35,1.15,1,0
7.39,14.81,2.451,3.42,2.95,1.87,0.36,0.6,1,11.25,8.29,1.946,5.03,3.3,1.35,0.31,1.36,0,1
10.33,10.6,2.149,5.89,3.46,1.39,0.35,1.09,2,12.42,8.04,2.306,5.17,3.22,1.42,0.26,1.5,0,0
7.02,14.82,2.318,3.56,6.27,1.81,0.32,0.85,1,10.83,8.98,1.965,3.65,4.12,1.26,0.26,1.0,2,0
8.17,14.15,2.351,3.42,8.29,1.79,0.23,0.77,1,11.0,8.71,2.046,4.61,3.82,1.33,0.35,1.22,2,0
12.16,12.12,2.558,5.53,3.89,1.5,0.33,0.86,2,9.74,9.9,1.89,5.26,3.13,1.32,0.33,1.02,2,0
6.43,13.97,2.341,4.58,2.97,1.81,0.35,1.08,1,11.34,10.04,2.306,3.98,5.7,1.42,0.33,1.12,2,0
9.45,11.17,2.033,5.11,3.5,1.38,0.25,1.06,2,12.03,7.79,2.004,5.36,2.27,1.35,0.27,1.25,0,0
11.97,8.71,2.295,4.05,3.33,1.35,0.29,0.9,2,12.32,8.67,2.285,4.48,4.53,1.44,0.24,1.43,0,1
11.97,11.52,2.375,6.04,3.34,1.39,0.27,0.9,2,12.19,9.17,2.314,5.02,6.22,1.43,0.3,1.4,0,1
12.03,9.11,2.196,4.35,4.03,1.35,0.21,1.09,0,12.86,7.47,2.155,5.62,2.29,1.34,0.3,1.49,0,0
12.42,9.14,2.156,5.41,2.46,1.38,0.3,1.04,0,11.4,11.08,2.269,6.12,2.63,1.42,0.35,1.06,2,0
9.64,11.44,1.964,4.86,3.62,1.4,0.21,0.91,2,10.55,11.34,2.288,3.56,5.6,1.43,0.31,0.77,2,0
7.07,14.47,2.186,4.04,4.83,1.76,0.27,0.86,1,6.86,13.39,2.16,3.56,5.99,1.81,0.39,1.23,1,0
7.05,13.07,2.244,3.71,3.03,1.76,0.24,1.16,1,12.94,7.86,2.165,5.29,2.35,1.34,0.31,1.46,0,0
8.16,14.93,2.439,4.13,6.51,1.84,0.44,0.72,1,7.28,13.93,2.198,5.16,3.16,1.76,0.24,0.86,1,1
7.81,13.95,2.206,4.99,3.31,1.74,0.31,0.84,1,8.94,12.01,1.783,4.88,6.83,1.39,0.36,0.8,2,1
10.2,11.05,1.926,4.82,4.71,1.37,0.31,0.91,2,11.18,8.8,2.204,5.26,2.25,1.38,0.22,1.26,0,0
7.78,15.11,2.175,3.46,9.36,1.81,0.37,0.72,1,9.41,8.41,2.041,2.98,4.89,1.4,0.29,1.38,0,1
10.47,11.68,2.157,4.57,6.24,1.44,0.29,0.81,2,13.11,9.18,2.319,6.92,2.62,1.44,0.33,1.24,0,0
8.5,11.01,1.706,4.91,3.79,1.36,0.24,0.91,2,10.59,10.72,2.198,5.11,2.43,1.4,0.33,0.97,2,0
8.66,12.66,2.359,3.85,4.4,1.79,0.25,1.01,1,10.05,11.56,2.18,6.13,2.72,1.46,0.3,1.01,2,0
7.99,13.66,2.145,3.61,6.26,1.74,0.34,0.87,1,9.57,10.51,2.051,3.41,5.36,1.4,0.3,0.8,2,0
6.9,15.28,2.32,3.44,6.34,1.85,0.34,0.74,1,9.9,10.31,1.986,5.52,3.25,1.34,0.33,0.98,2,0
7.89,11.71,2.193,3.47,5.6,1.71,0.27,1.61,1,9.81,10.98,1.853,6.01,2.5,1.33,0.28,0.93,2,0
7.25,11.88,2.233,3.07,5.2,1.74,0.34,1.53,1,7.79,14.35,2.154,5.06,4.71,1.7,0.24,0.75,1,0
9.85,11.04,2.036,4.3,3.15,1.36,0.24,0.9,2,11.86,8.71,2.044,3.89,6.02,1.38,0.32,1.31,0,1
7.28,14.26,2.419,3.1,5.82,1.85,0.28,0.84,1,12.65,8.0,2.06,4.44,4.88,1.29,0.24,1.25,0,0
12.51,8.07,2.297,4.96,3.07,1.37,0.24,1.37,0,12.54,7.06,2.232,3.82,4.61,1.34,0.34,1.41,0,0
7.41,14.42,2.254,3.65,8.12,1.72,0.29,0.78,1,9.7,11.96,2.035,5.27,2.54,1.43,0.24,0.72,2,1
7.16,14.08,2.206,3.85,4.59,1.78,0.33,0.82,1,8.1,14.09,2.46,3.96,6.09,1.81,0.32,0.83,1,1
10.91,11.46,2.253,4.36,6.77,1.47,0.3,0.9,2,7.46,12.98,2.459,3.19,3.99,1.88,0.33,1.01,1,0
7.56,13.37,2.236,3.66,4.18,1.72,0.34,0.86,1,9.87,10.69,1.996,5.4,4.78,1.41,0.35,1.02,2,1
7.77,13.98,2.134,4.89,3.28,1.72,0.38,0.82,1,10.19,12.0,2.027,6.49,4.1,1.42,0.38,0.92,2,1
7.07,14.41,2.071,4.43,5.03,1.76,0.27,0.86,1,6.64,14.83,2.119,4.17,3.34,1.77,0.34,0.84,1,1
6.62,14.04,2.101,3.24,8.19,1.74,0.3,0.93,1,11.12,7.57,2.308,3.52,4.83,1.4,0.33,1.86,0,0
9.43,9.76,1.677,5.25,2.23,1.28,0.27,0.94,2,9.26,10.94,1.825,5.47,2.56,1.38,0.34,0.85,2,1
8.5,12.79,2.307,3.07,7.79,1.78,0.3,1.02,1,11.19,9.02,1.992,6.5,2.6,1.36,0.32,1.42,0,0
10.79,8.78,2.04,5.42,3.42,1.38,0.33,1.28,0,10.92,8.62,2.043,4.49,4.41,1.28,0.25,1.2,2,0
6.7,13.45,2.045,3.05,8.56,1.73,0.36,1.27,1,7.03,12.2,2.247,3.93,3.04,1.79,0.32,1.83,1,0
8.84,12.39,2.35,4.87,3.1,1.73,0.21,1.1,1,10.57,9.96,2.013,5.33,2.31,1.33,0.38,1.04,2,0
7.88,13.58,2.278,3.99,4.48,1.75,0.25,0.81,1,11.16,7.88,2.197,3.38,4.87,1.38,0.27,1.39,0,1
10.63,8.19,2.156,3.5,4.76,1.38,0.23,1.27,0,12.15,9.06,2.229,4.28,4.38,1.42,0.33,1.03,0,0
7.33,13.82,2.236,3.55,2.92,1.78,0.43,0.77,1,12.18,9.97,1.975,5.14,8.03,1.41,0.31,1.14,0,1
7.2,12.93,2.243,3.54,7.59,1.73,0.3,1.11,1,10.06,10.59,2.026,4.92,4.25,1.36,0.36,0.95,2,0
7.37,14.54,2.133,4.47,6.47,1.68,0.35,0.84,1,10.73,11.57,2.272,4.91,4.63,1.44,0.22,0.87,2,1
9.77,10.14,1.928,4.53,3.81,1.31,0.34,1.05,2,11.07,10.05,2.288,4.79,4.64,1.48,0.28,1.1,0,0
12.12,8.68,2.456,5.17,1.91,1.31,0.28,1.18,2,8.93,11.64,1.908,4.93,3.93,1.42,0.38,0.87,2,1
11.63,8.82,2.268,4.04,4.64,1.33,0.25,1.22,2,10.47,9.56,1.841,3.55,4.33,1.26,0.36,0.93,2,0
11.19,10.22,2.296,4.01,5.46,1.39,0.33,1.07,2,7.33,12.69,2.151,4.25,3.02,1.72,0.31,1.18,1,0
7.31,14.99,2.278,3.75,8.43,1.78,0.4,0.73,1,8.01,13.1,2.245,3.85,8.01,1.73,0.33,0.98,1,0
6.91,13.71,2.052,4.78,3.13,1.74,0.25,0.89,1,10.71,10.81,2.168,4.54,4.46,1.42,0.28,0.86,2,0
8.64,14.44,2.316,4.48,5.4,1.83,0.26,0.87,1,11.83,8.93,2.114,5.33,2.41,1.39,0.26,1.14,0,1
7.89,12.38,2.241,3.49,4.1,1.73,0.34,1.07,1,8.22,13.0,2.392,3.9,5.95,1.8,0.38,1.12,1,1
10.39,10.05,2.294,4.65,2.34,1.43,0.25,1.06,0,14.49,7.95,2.37,6.39,2.4,1.37,0.27,1.47,0,1
6.7,15.18,2.305,4.59,5.06,1.84,0.34,0.94,1,11.34,10.28,2.194,5.04,3.89,1.32,0.26,1.27,2,1
7.54,14.28,2.209,3.63,9.27,1.76,0.25,0.94,1,13.87,8.81,2.233,6.0,3.72,1.4,0.21,1.28,0,1
7.76,13.45,2.226,3.61,4.33,1.76,0.25,0.83,1,12.76,7.14,2.247,5.36,2.92,1.36,0.26,1.57,0,0
7.38,13.16,2.213,3.56,8.44,1.8,0.22,1.3,1,8.57,10.85,1.754,5.01,2.43,1.35,0.33,0.88,2,1
9.0,12.53,1.959,5.18,6.14,1.51,0.32,0.93,2,10.39,11.82,2.126,7.03,2.7,1.41,0.35,0.99,2,0
7.76,14.11,2.29,4.12,3.12,1.78,0.31,0.76,1,9.5,11.58,2.068,3.91,6.54,1.43,0.36,0.93,2,0
11.7,8.94,2.13,5.32,3.32,1.38,0.26,1.16,0,13.11,8.4,2.335,5.0,3.41,1.43,0.3,1.44,0,1
6.41,14.88,2.356,3.58,6.12,1.89,0.29,0.87,1,9.05,11.35,1.985,4.23,6.74,1.4,0.3,1.14,2,0
7.21,13.5,2.283,4.1,3.19,1.82,0.33,1.09,1,10.96,10.12,2.234,4.32,5.77,1.43,0.26,0.95,0,1
8.35,13.04,2.192,4.45,2.93,1.69,0.29,0.76,1,10.82,9.17,2.05,5.84,3.45,1.39,0.3,1.18,0,0
10.39,9.49,2.121,5.3,2.16,1.33,0.34,1.19,2,11.56,8.39,2.134,3.19,5.46,1.4,0.33,1.26,0,1
7.6,13.47,2.296,3.68,5.96,1.72,0.29,0.94,1,11.1,8.7,1.945,4.38,4.36,1.37,0.25,1.09,0,1
13.03,8.16,2.301,5.94,3.28,1.38,0.3,1.45,0,11.31,8.46,2.177,4.7,3.24,1.43,0.28,1.43,0,1
7.71,13.49,2.256,3.98,5.85,1.74,0.26,0.92,1,12.97,8.43,2.05,6.01,2.61,1.37,0.33,1.38,0,1
12.02,11.65,2.576,4.06,5.78,1.47,0.31,0.87,2,9.73,10.18,1.955,5.48,2.4,1.35,0.36,1.15,2,0
8.93,10.35,1.859,4.12,5.69,1.35,0.37,1.05,2,9.12,10.75,1.76,4.59,4.5,1.33,0.26,0.99,2,0
8.36,13.91,2.251,3.19,8.49,1.77,0.33,0.78,1,10.43,12.0,2.171,4.7,6.74,1.44,0.33,0.89,2,1
11.3,9.61,2.103,4.5,6.23,1.37,0.28,1.29,0,10.31,9.1,2.206,5.42,2.29,1.41,0.27,1.29,0,0
11.23,9.58,2.219,4.86,2.55,1.48,0.33,1.14,0,13.85,8.26,2.066,5.22,6.02,1.34,0.39,1.13,0,1
10.91,10.45,2.215,6.05,2.5,1.41,0.24,1.14,2,12.42,7.13,2.181,5.25,3.75,1.32,0.24,1.72,0,1
8.04,12.7,2.261,3.03,8.2,1.81,0.24,1.35,1,9.37,9.15,1.665,7.33,2.29,1.25,0.28,1.34,2,0
7.3,14.22,2.181,4.58,4.7,1.77,0.32,0.8,1,10.45,9.39,2.034,5.32,3.01,1.33,0.24,1.16,2,0
9.5,11.68,2.014,5.69,4.3,1.45,0.3,1.13,2,10.8,7.8,2.328,3.79,2.69,1.39,0.22,1.37,0,0
6.88,14.02,2.221,3.41,5.62,1.81,0.3,0.8,1,13.1,7.63,2.197,5.39,2.18,1.34,0.27,1.19,0,0
8.18,11.95,1.887,4.23,7.05,1.46,0.41,0.86,2,11.82,8.82,2.156,4.44,2.96,1.24,0.3,1.2,2,0
11.31,9.63,2.246,5.17,2.25,1.39,0.31,0.97,2,12.49,8.85,2.163,5.06,4.83,1.4,0.3,1.38,0,1
12.52,10.31,2.547,5.55,3.14,1.38,0.22,1.16,2,11.2,8.02,2.011,4.51,3.3,1.2,0.23,1.24,2,0
7.5,13.58,2.296,3.41,8.17,1.78,0.25,0.98,1,11.91,10.54,2.337,5.83,2.42,1.42,0.35,0.95,2,1
7.42,14.66,2.17,3.28,8.9,1.75,0.3,0.78,1,12.13,8.6,2.037,5.92,3.44,1.34,0.28,1.32,0,0
7.42,13.84,2.247,4.63,3.39,1.79,0.32,1.11,1,10.23,11.07,2.02,5.51,2.62,1.39,0.25,0.97,2,0
13.42,9.26,2.212,6.4,3.9,1.39,0.25,1.35,0,11.87,10.09,2.448,4.8,2.99,1.37,0.31,1.1,2,0
7.04,13.84,2.314,2.78,7.51,1.81,0.25,0.86,1,12.23,10.55,2.45,5.24,2.43,1.47,0.3,0.89,2,1
7.39,11.83,2.208,3.13,3.68,1.7,0.24,1.1,1,8.18,13.6,2.433,4.25,3.24,1.86,0.35,0.95,1,0
10.69,10.79,2.033,3.93,6.86,1.41,0.31,1.04,2,12.49,8.38,2.313,5.93,3.47,1.43,0.25,1.55,0,1
7.35,14.35,2.193,3.93,4.68,1.79,0.4,0.78,1,13.51,8.4,2.211,4.79,5.8,1.37,0.34,1.25,0,1
12.05,8.56,2.263,4.89,4.04,1.39,0.23,1.23,0,14.29,8.21,2.275,4.57,6.01,1.41,0.24,1.32,0,1
7.41,14.82,2.41,3.54,8.49,1.87,0.36,0.76,1,8.03,12.41,2.33,3.55,7.8,1.75,0.28,1.18,1,0
12.09,8.72,2.212,6.21,2.55,1.4,0.36,1.38,0,10.92,8.58,2.182,4.77,3.03,1.37,0.31,1.27,0,0
7.21,14.5,2.29,4.73,3.5,1.85,0.35,0.93,1,7.82,13.93,2.309,4.28,3.44,1.87,0.39,1.12,1,0
9.52,12.4,2.098,4.93,7.65,1.49,0.23,0.95,2,9.13,11.8,2.026,4.62,5.03,1.48,0.35,0.87,2,0
10.07,11.08,1.962,4.88,4.83,1.39,0.25,0.93,2,10.59,8.44,2.37,2.78,3.87,1.36,0.29,1.04,0,0
9.34,11.18,1.898,5.69,3.78,1.41,0.41,0.91,2,11.29,9.8,2.408,5.44,3.27,1.39,0.33,1.42,2,0
7.24,14.57,2.22,3.96,9.58,1.8,0.35,1.0,1,8.78,12.0,1.712,4.26,4.97,1.36,0.35,0.79,2,0
11.6,9.65,2.141,5.47,4.01,1.46,0.22,1.24,0,12.67,8.83,2.115,5.97,3.76,1.37,0.35,1.39,0,1
12.9,7.58,2.32,4.31,5.14,1.39,0.24,1.53,0,11.55,7.42,2.309,3.9,2.81,1.39,0.25,1.76,0,0
11.07,11.24,2.243,4.42,4.25,1.4,0.29,0.82,2,11.9,10.03,2.675,4.68,3.75,1.44,0.29,1.01,2,1
6.62,13.04,2.199,2.86,7.55,1.81,0.28,1.25,1,11.83,8.8,2.283,5.75,2.52,1.45,0.24,1.48,0,1
7.72,12.93,2.45,2.91,7.6,1.83,0.24,1.18,1,11.87,9.89,2.424,4.04,5.31,1.4,0.33,1.1,2,0
7.77,13.36,2.252,3.76,6.23,1.8,0.34,1.05,1,11.2,9.6,2.266,4.98,2.58,1.46,0.23,1.24,0,0
7.73,12.4,2.278,3.23,5.48,1.72,0.31,1.22,1,10.01,8.55,2.085,4.08,3.92,1.38,0.28,1.36,0,0
6.91,13.86,2.219,3.65,2.94,1.8,0.22,0.83,1,12.75,9.79,2.258,7.39,2.78,1.43,0.28,1.08,0,0
9.7,9.99,1.817,3.56,5.7,1.35,0.25,1.02,2,10.31,9.29,1.932,4.59,5.01,1.29,0.24,1.21,2,0
6.83,13.44,2.19,3.68,3.06,1.76,0.26,1.09,1,7.59,13.07,2.365,3.47,4.27,1.84,0.38,1.07,1,0
8.38,12.67,1.776,4.97,5.67,1.45,0.31,0.76,2,11.05,9.54,1.925,5.17,5.02,1.38,0.28,1.15,0,1
8.38,13.21,2.387,4.63,3.02,1.72,0.41,0.88,1,7.53,13.06,2.355,3.59,2.92,1.8,0.31,1.04,1,0
8.21,13.69,2.314,3.8,6.5,1.78,0.32,1.02,1,7.79,14.08,2.362,3.94,6.1,1.8,0.35,0.86,1,0
9.1,12.92,2.07,4.72,4.55,1.56,0.33,0.83,2,11.53,7.87,2.181,4.49,2.69,1.31,0.29,1.29,0,0
7.65,14.19,2.294,3.81,6.4,1.78,0.32,1.03,1,10.3,8.35,2.058,4.15,2.23,1.38,0.27,1.36,0,0
11.95,10.01,2.506,4.02,2.91,1.28,0.29,0.91,2,11.54,9.78,2.303,4.99,3.79,1.33,0.34,1.21,2,0
12.3,9.91,2.066,4.74,7.6,1.44,0.33,1.17,0,12.36,9.4,2.348,5.35,2.42,1.42,0.32,1.05,0,1
7.79,13.86,2.205,4.66,3.42,1.75,0.42,1.02,1,9.82,8.9,1.855,4.32,3.19,1.35,0.32,1.32,0,1
7.92,13.02,2.019,3.49,5.92,1.65,0.21,0.92,1,10.97,11.79,2.349,5.62,5.0,1.48,0.32,0.91,2,1
6.87,15.25,2.286,3.53,9.58,1.83,0.32,0.82,1,7.38,12.6,2.283,2.52,6.76,1.75,0.36,0.94,1,1
10.12,11.97,2.067,5.78,2.82,1.46,0.33,0.79,2,10.1,11.39,2.15,6.14,2.56,1.39,0.26,1.09,2,1
7.63,13.78,2.111,4.19,4.78,1.72,0.28,0.85,1,10.64,8.72,2.027,4.37,3.92,1.36,0.31,1.18,0,0
10.71,11.49,2.321,3.6,4.63,1.51,0.37,0.79,2,10.21,10.14,2.071,3.9,3.75,1.38,0.28,0.78,2,1
8.01,14.02,2.221,3.52,8.78,1.77,0.22,0.87,1,13.41,7.88,2.271,3.73,5.35,1.37,0.31,1.42,0,1
7.84,12.71,2.235,3.13,7.9,1.78,0.31,1.21,1,8.43,13.02,2.5,4.37,4.79,1.84,0.28,1.28,1,1
7.94,13.77,2.303,4.24,6.26,1.76,0.34,1.04,1,12.62,9.68,2.199,5.15,2.07,1.28,0.3,1.01,2,1
8.09,14.88,2.265,5.44,3.96,1.83,0.35,0.93,1,7.13,13.53,2.241,3.15,8.25,1.81,0.32,1.05,1,1
11.14,9.04,2.074,4.88,2.54,1.25,0.27,1.13,2,13.25,7.84,2.24,4.69,3.09,1.4,0.29,1.15,0,1
8.03,14.11,2.308,4.58,3.24,1.74,0.29,0.85,1,7.89,12.73,2.113,3.88,4.51,1.72,0.3,1.06,1,0
7.49,11.95,2.374,3.2,5.02,1.73,0.28,1.26,1,10.37,8.73,1.907,4.68,4.89,1.29,0.24,1.35,2,0
7.94,12.72,2.31,4.35,3.12,1.78,0.26,1.31,1,10.51,10.48,2.104,5.58,3.84,1.32,0.26,0.99,2,1
6.92,13.24,2.191,2.9,7.53,1.78,0.24,1.03,1,9.76,7.56,2.012,3.58,3.37,1.35,0.24,1.46,0,0
12.17,9.32,2.39,4.55,4.32,1.44,0.31,1.18,0,7.17,13.18,2.212,3.15,4.62,1.79,0.29,1.24,1,0
7.07,14.46,2.229,2.8,7.61,1.75,0.39,0.62,1,11.15,7.75,2.056,4.95,2.22,1.35,0.23,1.46,0,0
8.05,14.0,2.208,3.48,8.82,1.75,0.36,0.83,1,7.2,12.63,2.153,3.32,4.11,1.73,0.3,1.08,1,0
7.59,14.55,2.383,4.12,3.42,1.91,0.37,0.94,1,13.87,7.45,2.18,4.6,5.45,1.34,0.24,1.54,0,1
10.9,7.53,1.842,4.25,3.91,1.31,0.3,1.37,0,10.17,10.02,1.978,4.71,3.89,1.31,0.22,1.15,2,1
7.69,13.6,2.145,3.98,4.54,1.68,0.39,0.92,1,10.45,9.52,1.97,5.21,2.14,1.29,0.35,1.04,2,0
7.57,14.51,2.265,3.33,8.63,1.79,0.33,0.78,1,13.25,7.34,2.115,5.96,3.08,1.33,0.24,1.38,0,0
12.62,8.46,2.292,5.99,3.39,1.4,0.25,1.35,0,13.31,9.35,2.513,5.44,3.49,1.46,0.22,1.07,0,1
9.22,12.64,1.842,5.65,5.27,1.38,0.34,0.85,2,9.85,10.27,1.799,6.3,2.4,1.3,0.31,1.08,2,0
7.62,14.03,2.274,4.22,4.44,1.78,0.36,0.78,1,6.57,13.09,2.256,3.39,2.8,1.79,0.36,1.07,1,0
8.54,13.63,2.36,4.85,3.12,1.83,0.3,0.76,1,10.2,10.12,2.031,5.13,2.25,1.32,0.32,1.07,2,0
11.29,10.61,2.359,5.1,7.02,1.49,0.31,1.19,2,11.92,8.73,2.387,3.58,5.35,1.44,0.29,1.32,0,0
10.22,10.51,2.206,3.82,6.15,1.47,0.31,0.98,2,12.84,8.86,2.247,4.65,6.64,1.46,0.3,1.35,0,1
8.07,13.5,2.383,3.22,5.97,1.8,0.32,0.92,1,10.3,10.0,1.899,5.65,3.01,1.3,0.31,1.05,2,0
9.38,10.65,1.743,4.59,6.06,1.3,0.27,1.04,2,13.97,8.1,2.342,5.6,4.96,1.41,0.32,1.86,0,0
10.41,12.03,2.142,5.78,2.68,1.43,0.31,0.81,2,12.13,10.15,2.189,5.97,3.93,1.46,0.35,0.93,0,1
7.88,14.38,2.328,3.14,7.95,1.79,0.24,0.64,1,7.77,13.51,2.2,4.14,4.41,1.74,0.36,0.8,1,0
8.12,12.77,2.285,4.15,2.88,1.73,0.33,0.86,1,11.72,9.38,2.188,5.3,2.84,1.31,0.3,1.12,2,1
11.88,9.15,2.388,3.59,4.03,1.29,0.32,1.1,2,12.0,7.97,2.075,4.61,4.18,1.36,0.22,1.45,0,0
8.04,12.98,2.219,4.43,3.3,1.79,0.2,1.22,1,10.61,8.79,2.174,4.24,4.83,1.33,0.23,1.31,2,0
8.2,12.41,2.191,3.26,8.11,1.72,0.4,1.26,1,7.72,12.65,2.263,2.85,7.26,1.75,0.27,1.08,1,1
12.52,8.52,2.142,6.3,2.44,1.36,0.3,1.34,0,12.31,6.61,2.295,4.5,2.32,1.29,0.21,1.51,0,0
7.1,13.69,2.418,2.88,8.1,1.91,0.31,1.25,1,9.46,9.92,1.709,6.43,3.3,1.31,0.25,1.07,2,1
12.78,8.85,2.33,5.42,2.45,1.41,0.28,1.31,0,11.7,10.1,2.236,5.73,3.44,1.3,0.32,0.98,2
6.98,13.7,2.126,2.74,7.71,1.74,0.3,0.89,1,7.62,13.32,2.288,2.87,7.55,1.81,0.39,0.87,1,0
9.63,12.37,1.964,6.11,2.76,1.4,0.25,0.75,2,12.67,8.83,2.3,5.03,3.22,1.38,0.29,1.18,0,0
6.87,13.85,2.335,3.27,5.58,1.8,0.32,0.91,1,8.18,13.57,2.305,4.75,3.06,1.76,0.34,0.84,1,0
8.09,14.38,2.35,4.73,3.29,1.78,0.28,0.76,1,10.34,9.8,2.081,4.25,3.09,1.39,0.35,0.85,0,1
8.31,13.42,2.26,3.92,8.89,1.73,0.34,0.98,1,10.42,9.6,1.897,5.54,3.83,1.27,0.24,1.31,2,0
7.4,12.31,2.252,3.29,5.63,1.78,0.34,1.49,1,10.89,8.68,2.204,3.78,4.76,1.37,0.27,1.24,0,1
8.39,14.48,2.395,5.52,3.27,1.76,0.38,0.73,1,12.39,8.79,2.257,5.66,3.4,1.39,0.26,1.32,0,0
7.14,13.14,2.163,3.14,5.35,1.71,0.39,0.89,1,12.41,9.37,2.493,4.73,4.73,1.48,0.22,1.42,0,1
7.02,13.86,2.041,4.08,4.58,1.72,0.42,0.84,1,10.94,10.63,2.151,5.54,4.26,1.38,0.29,0.9,2,0
8.57,12.69,2.363,4.21,3.01,1.73,0.22,0.99,1,13.36,9.76,2.379,7.16,2.69,1.4,0.32,1.19,0,1
11.44,7.27,2.29,4.25,2.02,1.37,0.27,1.48,0,10.83,7.31,2.019,4.0,2.17,1.22,0.26,1.3,2
10.84,11.73,2.437,4.96,4.95,1.52,0.29,0.93,2,11.95,8.73,2.278,5.49,2.61,1.29,0.25,1.24,2,0
11.69,9.24,2.21,4.36,3.73,1.31,0.34,1.25,2,11.69,7.21,2.244,3.66,4.96,1.39,0.32,1.86,0,0
7.12,15.88,2.208,4.26,3.57,1.85,0.41,0.62,1,12.94,9.02,2.302,5.91,2.53,1.43,0.31,1.18,0,0
11.22,8.27,2.037,4.86,4.05,1.36,0.23,1.38,0,10.68,8.91,1.958,3.42,3.63,1.22,0.25,1.1,2,1
8.32,13.18,2.368,3.39,8.45,1.83,0.32,1.14,1,11.67,9.01,1.956,4.74,6.08,1.36,0.24,1.2,0,0
7.85,14.18,2.338,2.95,8.29,1.81,0.37,0.81,1,6.32,13.98,2.01,4.11,3.22,1.73,0.26,1.03,1,0
7.1,15.02,2.301,4.09,5.04,1.86,0.34,0.84,1,11.07,9.1,2.014,5.85,2.07,1.28,0.24,1.09,2,0
11.23,8.38,2.135,5.02,2.36,1.39,0.31,1.42,0,13.63,8.25,2.126,5.58,2.54,1.39,0.32,1.23,0,1
12.53,10.37,2.32,6.56,4.14,1.45,0.32,1.13,0,11.46,8.33,2.198,4.57,3.14,1.37,0.21,1.44,0,0
7.62,13.24,2.247,2.91,7.11,1.71,0.24,0.81,1,11.34,9.32,2.193,5.11,2.89,1.33,0.22,1.12,2,0
7.32,14.64,2.379,4.41,6.62,1.87,0.41,0.97,1,12.62,9.01,2.259,4.18,4.22,1.28,0.3,1.16,2,0
9.68,10.75,2.025,4.0,4.28,1.38,0.3,1.05,2,11.13,9.18,2.414,5.43,2.26,1.46,0.31,1.08,0,0
11.88,10.38,2.349,5.39,3.96,1.36,0.24,1.03,2,13.44,8.76,2.461,5.83,3.27,1.41,0.28,1.16,0,1
11.44,8.81,1.941,6.29,2.51,1.33,0.34,1.37,0,10.66,7.72,2.302,3.8,2.53,1.37,0.25,1.22,0,1
8.03,13.44,2.189,3.56,8.98,1.74,0.31,1.13,1,12.47,7.39,2.126,5.17,2.24,1.34,0.32,1.64,0,0
10.97,8.84,2.042,5.28,3.4,1.27,0.3,1.24,2,12.43,9.19,2.28,5.2,2.43,1.41,0.28,1.09,0,0
10.78,10.89,2.102,7.12,2.81,1.42,0.38,1.13,2,11.04,9.29,2.178,4.47,3.52,1.42,0.23,1.24,0,0
8.63,12.58,2.299,3.73,4.38,1.74,0.27,0.99,1,11.1,10.39,2.122,6.05,3.28,1.34,0.28,1.07,2,1
9.29,13.29,2.172,5.45,4.51,1.56,0.32,0.79,2,10.96,8.36,2.198,4.19,2.07,1.35,0.27,1.23,0,0
7.53,13.55,2.21,3.34,7.88,1.71,0.39,0.9,1,9.62,10.39,1.844,4.97,3.43,1.34,0.28,0.97,2,1
10.53,9.05,2.141,3.78,5.08,1.38,0.3,1.21,0,12.38,7.85,2.535,3.13,4.77,1.45,0.27,1.4,0,0
6.83,13.54,2.243,3.59,2.94,1.78,0.27,0.95,1,11.39,11.04,2.43,6.01,2.58,1.48,0.22,0.95,2,0
7.37,12.43,2.058,3.57,3.04,1.73,0.29,1.33,1,9.9,11.7,2.064,4.61,6.8,1.44,0.26,0.95,2,1
7.73,13.46,2.245,3.94,3.32,1.78,0.34,1.09,1,8.28,12.81,2.29,3.08,5.27,1.77,0.26,0.87,1,1
9.48,10.09,1.828,4.05,3.87,1.33,0.33,0.79,2,9.97,10.48,1.884,5.72,5.88,1.33,0.29,1.09,2,1
11.44,9.92,2.398,4.35,3.64,1.54,0.33,1.1,0,10.56,9.59,1.94,5.3,3.83,1.28,0.32,1.14,2,1
7.44,13.49,2.39,3.15,2.84,1.84,0.26,0.83,1,8.8,11.19,1.78,4.2,5.94,1.35,0.36,0.79,2,1
7.36,12.95,2.216,3.41,6.01,1.76,0.28,1.31,1,11.65,9.92,2.32,4.83,3.77,1.36,0.36,1.05,2,1
7.61,13.8,2.321,4.65,3.16,1.79,0.39,0.91,1,7.16,12.79,2.259,3.09,4.09,1.83,0.22,1.19,1,0
11.06,10.26,2.182,5.4,2.35,1.38,0.29,0.97,2,11.3,9.25,2.374,4.92,2.25,1.44,0.3,1.04,0,0
7.9,13.4,2.41,3.59,6.02,1.8,0.31,1.05,1,12.77,9.41,2.209,5.29,5.62,1.47,0.22,1.47,0,1
9.51,10.9,1.944,4.67,2.32,1.36,0.33,0.86,2,10.86,9.95,2.228,4.53,3.79,1.36,0.28,0.96,2,0
9.89,10.58,2.032,4.82,3.53,1.4,0.28,1.02,2,10.92,8.42,2.063,5.07,4.08,1.36,0.25,1.52,0,0
8.54,12.05,2.27,3.69,2.99,1.72,0.29,1.17,1,12.82,9.72,2.681,5.83,2.06,1.34,0.23,1.22,2,1
11.2,12.27,2.187,5.28,6.01,1.52,0.33,0.88,2,11.38,8.93,2.084,5.48,2.63,1.42,0.24,1.46,0,0
8.02,13.51,2.301,3.72,3.31,1.85,0.42,1.15,1,10.95,8.76,2.162,4.71,2.26,1.4,0.29,1.14,0,1
